-- phpMyAdmin SQL Dump
-- version 5.2.1
-- https://www.phpmyadmin.net/
--
-- Gép: 127.0.0.1
-- Létrehozás ideje: 2024. Ápr 30. 22:53
-- Kiszolgáló verziója: 10.4.28-MariaDB
-- PHP verzió: 8.2.4

SET SQL_MODE = "NO_AUTO_VALUE_ON_ZERO";
START TRANSACTION;
SET time_zone = "+00:00";


/*!40101 SET @OLD_CHARACTER_SET_CLIENT=@@CHARACTER_SET_CLIENT */;
/*!40101 SET @OLD_CHARACTER_SET_RESULTS=@@CHARACTER_SET_RESULTS */;
/*!40101 SET @OLD_COLLATION_CONNECTION=@@COLLATION_CONNECTION */;
/*!40101 SET NAMES utf8mb4 */;

--
-- Adatbázis: `esemenytar`
--
CREATE DATABASE IF NOT EXISTS `esemenytar` DEFAULT CHARACTER SET utf8mb4 COLLATE utf8mb4_general_ci;
USE `esemenytar`;

-- --------------------------------------------------------

--
-- Tábla szerkezet ehhez a táblához `erdekelt_esemeny_kategoriak`
--

CREATE TABLE `erdekelt_esemeny_kategoriak` (
  `felhasznalo_id` char(36) NOT NULL,
  `kategoria_id` int(11) NOT NULL,
  `kategoria_pont` int(255) DEFAULT NULL
) ENGINE=InnoDB DEFAULT CHARSET=utf8mb4 COLLATE=utf8mb4_general_ci;

-- --------------------------------------------------------

--
-- Tábla szerkezet ehhez a táblához `esemenyek`
--

CREATE TABLE `esemenyek` (
  `esemeny_id` char(36) NOT NULL,
  `cim` varchar(255) NOT NULL,
  `borito_kep` text DEFAULT NULL,
  `leiras` text DEFAULT NULL,
  `kategoria_id` int(11) NOT NULL,
  `idopont` datetime DEFAULT NULL,
  `szervezo_id` char(36) DEFAULT NULL,
  `korhatar` int(11) DEFAULT NULL,
  `statusz` enum('aktív','inaktív','lezárt') DEFAULT 'aktív',
  `letrehozva` timestamp NOT NULL DEFAULT current_timestamp(),
  `varos_id` int(11) DEFAULT NULL,
  `like_szamlalo` int(11) NOT NULL,
  `dislike_szamlalo` int(11) NOT NULL
) ENGINE=InnoDB DEFAULT CHARSET=utf8mb4 COLLATE=utf8mb4_general_ci;

--
-- A tábla adatainak kiíratása `esemenyek`
--

INSERT INTO `esemenyek` (`esemeny_id`, `cim`, `borito_kep`, `leiras`, `kategoria_id`, `idopont`, `szervezo_id`, `korhatar`, `statusz`, `letrehozva`, `varos_id`, `like_szamlalo`, `dislike_szamlalo`) VALUES
('03ada5ae-933a-4aed-90c6-fcfcfc002d17', 'Karitatív Tevékenység a Rászorulókért', NULL, 'Csatlakozz hozzánk, és segítsünk együtt a rászorulóknak egy karitatív tevékenység keretében!', 10, '2024-10-05 20:00:00', '1a95b3f7-0f84-4d77-b3d1-3b5ff1537429', 0, 'aktív', '2024-03-06 10:35:18', 1492, 180, 90),
('083815ba-4296-4b21-bd0c-8e7a44c2f115', 'Séta a Városközpontban', NULL, 'Fedezd fel a városközpont látnivalóit egy kellemes sétával!', 13, '2024-07-20 15:00:00', '1a95b3f7-0f84-4d77-b3d1-3b5ff1537429', 0, 'aktív', '2024-03-06 10:35:18', 1800, 120, 60),
('0912c29e-4026-416b-8ddb-e726b41a4923', 'Online Fotózás és Képszerkesztés Workshop', NULL, 'Tanulj új technikákat és tippeket a fotózás és képszerkesztés terén kényelmesen otthonról!', 2, '2024-08-15 16:00:00', '1a95b3f7-0f84-4d77-b3d1-3b5ff1537429', 0, 'aktív', '2024-03-06 10:35:18', 567, 100, 50),
('0c28db0c-e68a-44f8-be7e-bb592b4945da', 'Jótékonysági Koncert', NULL, 'Segítsünk együtt a rászorulóknak és élvezzük a jó zenét.', 10, '2024-10-05 20:00:00', '5b7d8e9f-5c18-4e07-ae60-8a882267bc87', 0, 'aktív', '2024-03-06 10:20:00', 1492, 180, 90),
('0e3870a8-5b6e-4915-a3c7-0eb11612b808', 'Sziget Fesztivál', NULL, 'Az egyik legnagyobb zenei és kulturális esemény a világon.', 8, '2024-08-10 18:00:00', '3d2d5a7f-3c6b-48b5-8891-2187a6712b4a', 18, 'aktív', '2024-03-06 09:46:20', 234, 1000, 500),
('1000dfec-f495-43b2-a0c4-c5923804ac4e', 'Közösségi Találkozó ', NULL, 'Ismerje meg a környékbeliekkel és ünnepeljük együtt a nyarat a folyóparton.', 1, '2024-07-15 16:00:00', '2f4d9cb2-1e91-426b-a7e9-9ff1c3d6d7a2', 0, 'aktív', '2024-03-06 09:46:20', 2355, 80, 40),
('15bc28aa-c38b-46ed-a4ca-7fedafcb1831', 'Első Magyar Virtuális Konferencia', NULL, 'Az online eseményünk célja a legújabb technológiai trendek bemutatása.', 5, '2024-09-15 09:00:00', '1a95b3f7-0f84-4d77-b3d1-3b5ff1537429', 0, 'aktív', '2024-03-06 09:46:20', 1345, 500, 200),
('24deae19-3782-4164-a5cc-eadfdef1b13e', 'Sportnap a Parkban', NULL, 'Töltsön egy aktív napot a szabadban, és vegyen részt különféle sporteseményeken!', 7, '2024-09-10 10:00:00', '5b7d8e9f-5c18-4e07-ae60-8a882267bc87', 0, 'aktív', '2024-03-06 10:20:00', 2001, 300, 100),
('2637fe9a-8cbb-4882-9fb4-39d16de58f4c', 'Online Karrierfejlesztés és Álláskeresési Tréning', NULL, 'Fejleszd karriered és tanulj hatékonyabb álláskeresési technikákat egy online tréning keretében!', 4, '2024-10-15 17:00:00', '2f4d9cb2-1e91-426b-a7e9-9ff1c3d6d7a2', 0, 'aktív', '2024-03-06 10:36:55', 1800, 120, 60),
('2cb1e7bb-862b-4b6c-86c6-ad2717570dba', 'Közösségi Sétáló Túra', NULL, 'Fedezze fel a környék szépségeit egy közösségi sétáló túrán!', 1, '2024-07-30 15:00:00', '1a95b3f7-0f84-4d77-b3d1-3b5ff1537429', 0, 'aktív', '2024-03-06 10:20:00', 301, 100, 50),
('2cb3f4f6-5d19-4843-ae76-0d1dc7adcc36', 'Közösségi Főzés és Gasztronómiai Élmény', NULL, 'Főzzünk együtt és osszuk meg egymással gasztronómiai élményeinket egy közösségi főzős rendezvényen!', 11, '2024-12-10 18:00:00', '5b7d8e9f-5c18-4e07-ae60-8a882267bc87', 0, 'aktív', '2024-03-06 10:35:18', 1500, 300, 150),
('2d796adf-8935-49c3-a580-6d848d5d2d6d', 'Üzleti Találkozó', NULL, 'Ismerkedjen meg potenciális üzleti partnereivel és hozzon létre új üzleti kapcsolatokat!', 2, '2024-07-15 16:00:00', '2f4d9cb2-1e91-426b-a7e9-9ff1c3d6d7a2', 0, 'aktív', '2024-03-06 10:20:00', 1800, 100, 50),
('2dd06420-2858-4939-aefa-f81036a3d7c9', 'Gasztro Piknik', NULL, 'Kóstolja meg a legfinomabb ételeket és italokat a természet közepén.', 11, '2024-06-20 12:00:00', '42aa7e31-d4bf-11ee-864c-a02bb82e5f4f', 18, 'aktív', '2024-03-06 10:20:00', 2967, 200, 100),
('2e4104b4-00d5-49e8-968c-a2ee44601ece', 'Közösségi Környezetvédelmi Akció', NULL, 'Csatlakozz hozzánk, és tegyük tisztábbá a környezetünket egy közösségi akció keretében!', 4, '2024-08-28 10:00:00', '4e8a1c56-2e52-42fc-9327-f09738f76a10', 0, 'aktív', '2024-03-06 10:35:18', 999, 200, 100),
('2e7339d3-cc22-4ee9-a344-a4f6dcc52bec', 'Kulturális Élmények Megosztása', NULL, 'Beszélgessünk és osszuk meg egymással kedvenc kulturális élményeinket!', 1, '2024-07-15 19:30:00', '2f4d9cb2-1e91-426b-a7e9-9ff1c3d6d7a2', 0, 'aktív', '2024-03-06 10:35:18', 777, 150, 70),
('321a9619-fc89-4860-8ec6-fc6f6699ded7', 'Üzleti Találkozó', NULL, 'Ismerkedjen meg potenciális üzleti partnereivel és hozzon létre új üzleti kapcsolatokat!', 2, '2024-07-15 16:00:00', '4e8a1c56-2e52-42fc-9327-f09738f76a10', 0, 'aktív', '2024-03-06 10:20:00', 1800, 100, 50),
('32863cc2-eed0-471b-8eb2-3921b15fdf15', 'Egészséges Életmód és Fittség Tréning', NULL, 'Tanulj új egészséges életmódot és fittségi trükköket egy speciális tréning során!', 7, '2024-11-25 16:00:00', '5b7d8e9f-5c18-4e07-ae60-8a882267bc87', 0, 'aktív', '2024-03-06 10:36:55', 888, 250, 120),
('36d919d0-3e82-4a2b-8235-4ce727560568', 'Kreatív Kézműves Alkotók Társasága', NULL, 'Csatlakozz hozzánk és alkoss egyedi kézműves alkotásokat a Kreatív Kézműves Alkotók Társaságában!', 6, '2024-09-30 15:00:00', '1a95b3f7-0f84-4d77-b3d1-3b5ff1537429', 0, 'aktív', '2024-03-06 10:36:55', 2345, 200, 100),
('37b4aa3a-dfd1-4200-b3df-39ff473559e6', 'Jótékonysági Koncert', NULL, 'Segítsünk együtt a rászorulóknak és élvezzük a jó zenét egy szuper helyszínen.', 10, '2024-10-05 20:00:00', '4e8a1c56-2e52-42fc-9327-f09738f76a10', 0, 'aktív', '2024-03-06 09:46:20', 3000, 200, 100),
('43b95334-0f42-4b39-a3ef-39af27ce62ec', 'Virtuális Gasztronómiai Workshop', NULL, 'Tanuljon a legjobb szakemberektől és főzzön otthon a legfinomabb ételeket!', 13, '2024-08-20 09:30:00', '1a95b3f7-0f84-4d77-b3d1-3b5ff1537429', 0, 'aktív', '2024-03-06 10:20:00', 892, 120, 60),
('43f80dd5-1d37-4b11-821e-4cc6fd058b50', 'Gasztro Piknik a Margit-szigeten', NULL, 'Kóstolja meg a legfinomabb ételeket és italokat a természet közepén.', 11, '2024-06-20 12:00:00', '5b7d8e9f-5c18-4e07-ae60-8a882267bc87', 18, 'aktív', '2024-03-06 09:46:20', 2222, 150, 80),
('4ca48202-5943-4b29-b27e-53dde7c84d22', 'Kultúrális Este', NULL, 'Ismerje meg a helyi kultúrát és élvezze az esti programokat a város szívében.', 1, '2024-08-15 19:00:00', '42aa7e31-d4bf-11ee-864c-a02bb82e5f4f', 0, 'aktív', '2024-03-06 10:20:00', 1300, 200, 80),
('4d34b24a-7df6-4a9b-997d-0367e23f8c5c', 'Sportnap a Parkban', NULL, 'Töltsön egy aktív napot a szabadban, és vegyen részt különféle sporteseményeken!', 7, '2024-09-10 10:00:00', '3d2d5a7f-3c6b-48b5-8891-2187a6712b4a', 0, 'aktív', '2024-03-06 10:20:00', 2001, 300, 100),
('546f4601-ee20-4ec1-b5d7-f4952dc5e33f', 'Kiállítás a Művészetek Palotájában', NULL, 'Fedezze fel a legújabb művészeti alkotásokat a múzeum falai között.', 3, '2024-08-05 10:00:00', '3d2d5a7f-3c6b-48b5-8891-2187a6712b4a', 0, 'aktív', '2024-03-06 09:46:20', 670, 150, 70),
('547e8952-7ad8-4071-b0ef-85170baa05eb', 'Online Pénzügyi Tanácsadás és Karriertanácsadás', NULL, 'Tanulj új pénzügyi és karrierbeli tippeket és trükköket kényelmesen otthonról egy online tanácsadáson!', 2, '2024-07-15 16:00:00', '5b7d8e9f-5c18-4e07-ae60-8a882267bc87', 0, 'aktív', '2024-03-06 10:35:18', 1234, 100, 50),
('5aaa3b5e-3fe2-4293-a36c-330261cab228', 'Képzőművészeti Kiállítás', NULL, 'Ismerje meg a legújabb művészeti alkotásokat a város legnagyobb kiállításán!', 3, '2024-09-05 10:00:00', '3d2d5a7f-3c6b-48b5-8891-2187a6712b4a', 0, 'aktív', '2024-03-06 10:20:00', 1776, 250, 120),
('5c9beb49-47ee-4d05-8395-e7ae34c4552e', 'Piknik a Természetben', NULL, 'Tölts el egy kellemes napot a természetben, és élvezd a nyugalmat és a friss levegőt!', 11, '2024-08-25 17:00:00', '5b7d8e9f-5c18-4e07-ae60-8a882267bc87', 0, 'aktív', '2024-03-06 10:35:18', 2345, 200, 100),
('68297f44-9f6e-4a76-9235-4b484e16ca94', 'Közösségi Találkozó', NULL, 'Ismerje meg a környékbeliekkel és ünnepeljük együtt a nyarat.', 1, '2024-07-20 16:00:00', '1a95b3f7-0f84-4d77-b3d1-3b5ff1537429', 0, 'aktív', '2024-03-06 10:20:00', 789, 100, 50),
('68acab52-c56c-47a3-bc39-f2b552a11c36', 'Gyermekkori Mesék és Mesemondás Műhely', NULL, 'Kellemes időtöltés és mesélés a gyerekeknek egy mesemondó műhelyben!', 1, '2024-10-20 11:00:00', '3d2d5a7f-3c6b-48b5-8891-2187a6712b4a', 0, 'aktív', '2024-03-06 10:36:55', 301, 180, 90),
('6c2c9916-e4a3-416d-a7e3-8acee4e0545c', 'Online Gasztronómiai Klub', NULL, 'Csatlakozz az online gasztronómiai klubunkhoz, és oszd meg kedvenc receptjeidet és gasztronómiai élményeidet!', 11, '2024-11-01 16:00:00', '42aa7e31-d4bf-11ee-864c-a02bb82e5f4f', 0, 'aktív', '2024-03-06 10:35:18', 987, 150, 70),
('6fb43ce9-9d31-4135-8595-6b560101bb1e', 'Üzleti Workshop a Belvárosban', NULL, 'Tanuljon a legjobb szakemberektől és fejlessze vállalkozását ezen az interaktív műhelymunkán!', 13, '2024-08-20 09:30:00', '42aa7e31-d4bf-11ee-864c-a02bb82e5f4f', 0, 'aktív', '2024-03-06 09:46:20', 1789, 90, 50),
('724eef5a-b843-4513-847a-afc3ed2aacde', 'Üzleti Találkozó és Networking', NULL, 'Csatlakozz hozzánk egy üzleti találkozóra és networking eseményre!', 2, '2024-09-10 18:00:00', '42aa7e31-d4bf-11ee-864c-a02bb82e5f4f', 0, 'aktív', '2024-03-06 10:35:18', 301, 180, 90),
('7b41f753-093d-4f77-a386-1cfc8eb0322e', 'Online Nyelvtanulás és Nyelvi Kommunikációs Tréning', NULL, 'Tanulj új nyelveket és fejleszd a nyelvi kommunikációs képességeidet kényelmesen otthonról egy online tréning során!', 6, '2024-07-20 14:00:00', '2f4d9cb2-1e91-426b-a7e9-9ff1c3d6d7a2', 0, 'aktív', '2024-03-06 10:35:18', 892, 120, 60),
('8681355c-0b7c-439c-9932-b83b08fd6614', 'Divatbemutató a Várban', NULL, 'Tekintse meg az aktuális divat trendjeit és csatlakozzon hozzánk a legnagyobb divatbemutatón!', 14, '2024-07-28 19:00:00', '1a95b3f7-0f84-4d77-b3d1-3b5ff1537429', 16, 'aktív', '2024-03-06 09:46:20', 2200, 200, 90),
('87eb957d-a1fb-4ff6-bc3b-afd124593b0a', 'Képzőművészeti Kiállítás', NULL, 'Fedezze fel a legújabb művészeti alkotásokat a múzeum falai között.', 3, '2024-08-05 10:00:00', '4e8a1c56-2e52-42fc-9327-f09738f76a10', 0, 'aktív', '2024-03-06 10:20:00', 999, 250, 120),
('8987cb22-731d-48ba-965b-88b3386582df', 'Kreatív Hobbibolt Kiárusítás és Bemutató', NULL, 'Fedezz fel új hobbiötleteket és vásárolj különleges hobbi kellékeket a Kreatív Hobbibolt kiárusításán és bemutatóján!', 10, '2024-12-20 10:00:00', '3d2d5a7f-3c6b-48b5-8891-2187a6712b4a', 0, 'aktív', '2024-03-06 10:35:18', 753, 250, 120),
('8a8925d5-2c93-4544-b45f-0efea4c8aa73', 'Online Gasztronómiai Tanfolyam', NULL, 'Tanulj új gasztronómiai trükköket és recepteket kényelmesen otthonról!', 6, '2024-08-20 12:00:00', '4e8a1c56-2e52-42fc-9327-f09738f76a10', 18, 'aktív', '2024-03-06 10:35:18', 2967, 200, 100),
('92a1b4b0-6c27-4fcd-bd42-3ff752a2f63e', 'Online Gasztronómiai Kurzus', NULL, 'Tanuljon meg új recepteket és kulináris trükköket otthonából kényelmesen.', 13, '2024-07-20 14:00:00', '4e8a1c56-2e52-42fc-9327-f09738f76a10', 0, 'aktív', '2024-03-06 10:20:00', 2901, 120, 60),
('a351cb59-13d6-4d99-8364-32885ce411ea', 'Online Képzőművészeti Workshop', NULL, 'Ismerkedjen meg az online művészeti technikák világával és alkotó kedvében légy otthonából!', 6, '2024-09-01 11:00:00', '5b7d8e9f-5c18-4e07-ae60-8a882267bc87', 0, 'aktív', '2024-03-06 10:20:00', 673, 150, 70),
('a89f9b86-a97c-40b6-b075-f79a2b84f1a2', 'Online Film és Sorozat Klub', NULL, 'Csatlakozz hozzánk, és nézzünk együtt klasszikus filmeket és sorozatokat egy online klub keretében!', 8, '2024-10-30 19:00:00', '4e8a1c56-2e52-42fc-9327-f09738f76a10', 0, 'aktív', '2024-03-06 10:36:55', 999, 200, 100),
('acfc867f-d855-4ce4-9c95-c5f9fa2e94ec', 'Kézműves Karácsonyi Ajándékok Készítése', NULL, 'Készítsünk együtt kreatív és egyedi karácsonyi ajándékokat egy különleges kézműves workshopon!', 6, '2024-12-20 16:00:00', '3d2d5a7f-3c6b-48b5-8891-2187a6712b4a', 0, 'aktív', '2024-03-06 10:36:55', 1400, 250, 120),
('b2b75c66-685a-4b1f-8cbb-c3bf6aeeb267', 'Sportnap a városligetben', NULL, 'Egy izgalmas sportesemény a városközpontban.', 7, '2024-07-25 10:00:00', '42aa7e31-d4bf-11ee-864c-a02bb82e5f4f', 0, 'aktív', '2024-03-06 09:46:20', 678, 300, 50),
('b759ca4b-15d3-40ca-828e-8a9865a9f0a3', 'Online Gasztronómiai Fesztivál', NULL, 'Fedezze fel az online világ legújabb gasztronómiai trendjeit és különleges receptjeit!', 11, '2024-08-10 12:00:00', '2f4d9cb2-1e91-426b-a7e9-9ff1c3d6d7a2', 0, 'aktív', '2024-03-06 10:20:00', 1957, 200, 100),
('b85f0d68-a368-4005-bc0c-f08046743b66', 'Divatbemutató', NULL, 'Fedezze fel az aktuális divat trendjeit és csatlakozzon hozzánk a legnagyobb divatbemutatón!', 14, '2024-07-28 19:00:00', '3d2d5a7f-3c6b-48b5-8891-2187a6712b4a', 0, 'aktív', '2024-03-06 10:20:00', 2876, 300, 150),
('c6182fbe-c4d6-4ed1-9282-103c29bd6e77', 'Fitness Edzés a Szabadban', NULL, 'Vegyél részt egy energikus fitness edzésen a szabadban!', 7, '2024-09-05 14:00:00', '5b7d8e9f-5c18-4e07-ae60-8a882267bc87', 0, 'aktív', '2024-03-06 10:35:18', 888, 250, 120),
('db6d8a4e-a82d-4d57-81b6-e9619c0534cf', 'Kézműves Vásár és Kreatív Alkotó Műhely', NULL, 'Vásárolj egyedi kézműves termékeket és alkoss kreatív alkotásokat a Kézműves Vásár és Alkotó Műhelyünkben!', 6, '2024-11-15 12:00:00', '4e8a1c56-2e52-42fc-9327-f09738f76a10', 0, 'aktív', '2024-03-06 10:35:18', 1456, 200, 100),
('df1013c3-026a-408a-8c0d-fd7b15b6476c', 'Virtuális Gasztronómiai Workshop', NULL, 'Tanuljon a legjobb szakemberektől és főzzön otthon a legfinomabb ételeket!', 13, '2024-08-20 09:30:00', '42aa7e31-d4bf-11ee-864c-a02bb82e5f4f', 0, 'aktív', '2024-03-06 10:20:00', 2892, 120, 60),
('e1149d0d-983a-443f-a757-bd164c2ab6d2', 'Kreatív Írás és Költészet Műhely', NULL, 'Fejleszd az írási és költészeti képességeidet egy kreatív műhelymunka során!', 3, '2024-09-15 19:00:00', '42aa7e31-d4bf-11ee-864c-a02bb82e5f4f', 0, 'aktív', '2024-03-06 10:35:18', 301, 150, 70),
('e46c55c8-acac-428e-85d6-d48975a91807', 'Kreatív DIY Dekorációs Ötletek Műhely', NULL, 'Fedezz fel új DIY dekorációs ötleteket és készítsünk együtt különleges dekorációkat!', 6, '2024-11-05 14:00:00', '42aa7e31-d4bf-11ee-864c-a02bb82e5f4f', 0, 'aktív', '2024-03-06 10:36:55', 301, 150, 70),
('eddb4575-6b9b-438f-8b6a-c1f99c94b73a', 'Online Zenei Fesztivál', NULL, 'Vegyél részt az év legnagyobb online zenei fesztiválján.', 8, '2024-09-05 18:00:00', '2f4d9cb2-1e91-426b-a7e9-9ff1c3d6d7a2', 0, 'aktív', '2024-03-06 10:20:00', 2345, 800, 400),
('edfa554f-b761-4b12-bb91-875812fcac5e', 'Életmód és Egészség Workshop', NULL, 'Ismerj meg új módszereket az egészségesebb életmód kialakításához és az egészség megőrzéséhez!', 7, '2024-08-12 09:00:00', '3d2d5a7f-3c6b-48b5-8891-2187a6712b4a', 0, 'aktív', '2024-03-06 10:35:18', 1500, 300, 150),
('f250bb28-f481-4c91-8085-40c0e39a3b81', 'Online Természetfotózás és Tájkép Készítés', NULL, 'Tanulj új technikákat és tippeket a természetfotózás és tájkép készítés területén kényelmesen otthonról egy online tréning során!', 9, '2024-12-01 14:00:00', '2f4d9cb2-1e91-426b-a7e9-9ff1c3d6d7a2', 0, 'aktív', '2024-03-06 10:36:55', 987, 200, 100),
('f3c4c392-a378-4115-ae76-69c7728bb214', 'Éjszakai Fotótúra és Csillagles', NULL, 'Fedezzük fel az éjszakai tájat és fotózzuk meg a csillagos eget egy éjszakai fotótúrán és csillaglesen!', 9, '2024-12-05 20:00:00', '1a95b3f7-0f84-4d77-b3d1-3b5ff1537429', 0, 'aktív', '2024-03-06 10:36:55', 567, 100, 50),
('f6127deb-ef69-4fae-9bf7-051257df076f', 'Zeneterápia és Relaxáció', NULL, 'Engedd el a stresszt és lazíts egy különleges zeneterápián és relaxációs gyakorlatokon!', 9, '2024-08-10 12:00:00', '3d2d5a7f-3c6b-48b5-8891-2187a6712b4a', 0, 'aktív', '2024-03-06 10:35:18', 1400, 250, 120),
('fc262f91-5671-42c4-8038-5c8d58b4f8ae', 'Közösségi Filmnézés és Kritika', NULL, 'Nézzünk meg egy filmet együtt, majd beszéljük meg és értékeljük azt!', 8, '2024-07-30 10:00:00', '2f4d9cb2-1e91-426b-a7e9-9ff1c3d6d7a2', 0, 'aktív', '2024-03-06 10:35:18', 987, 200, 100);

-- --------------------------------------------------------

--
-- Tábla szerkezet ehhez a táblához `esemeny_hozzaszolasok`
--

CREATE TABLE `esemeny_hozzaszolasok` (
  `hozzaszolas_id` char(36) NOT NULL,
  `esemeny_id` char(36) DEFAULT NULL,
  `hozzaszolo_id` char(36) DEFAULT NULL,
  `hozzaszolas_szoveg` text DEFAULT NULL,
  `letrehozva` timestamp NOT NULL DEFAULT current_timestamp()
) ENGINE=InnoDB DEFAULT CHARSET=utf8mb4 COLLATE=utf8mb4_general_ci;

-- --------------------------------------------------------

--
-- Tábla szerkezet ehhez a táblához `esemeny_interakcio`
--

CREATE TABLE `esemeny_interakcio` (
  `interakcio_id` int(11) NOT NULL,
  `felhasznalo_id` char(36) DEFAULT NULL,
  `esemeny_id` char(36) DEFAULT NULL,
  `jelentkezett-e` tinyint(1) NOT NULL,
  `kedvelt-e` tinyint(1) NOT NULL,
  `mentett-e` tinyint(1) NOT NULL,
  `jelentkezes_datum` datetime DEFAULT current_timestamp()
) ENGINE=InnoDB DEFAULT CHARSET=utf8mb4 COLLATE=utf8mb4_general_ci;

--
-- A tábla adatainak kiíratása `esemeny_interakcio`
--

INSERT INTO `esemeny_interakcio` (`interakcio_id`, `felhasznalo_id`, `esemeny_id`, `jelentkezett-e`, `kedvelt-e`, `mentett-e`, `jelentkezes_datum`) VALUES
(2, '1f2aa9d7-45b1-4588-b4ad-29388ebfdb61', '2dd06420-2858-4939-aefa-f81036a3d7c9', 1, 1, 0, '2024-04-23 17:33:00'),
(3, '1f2aa9d7-45b1-4588-b4ad-29388ebfdb61', '8a8925d5-2c93-4544-b45f-0efea4c8aa73', 1, 0, 1, '2024-04-23 17:33:00'),
(4, '1f2aa9d7-45b1-4588-b4ad-29388ebfdb61', '0e3870a8-5b6e-4915-a3c7-0eb11612b808', 1, 1, 1, '2024-04-28 19:42:40');

-- --------------------------------------------------------

--
-- Tábla szerkezet ehhez a táblához `esemeny_kategoriak`
--

CREATE TABLE `esemeny_kategoriak` (
  `kategoria_id` int(11) NOT NULL,
  `kategoria_nev` varchar(64) NOT NULL
) ENGINE=InnoDB DEFAULT CHARSET=utf8mb4 COLLATE=utf8mb4_general_ci;

--
-- A tábla adatainak kiíratása `esemeny_kategoriak`
--

INSERT INTO `esemeny_kategoriak` (`kategoria_id`, `kategoria_nev`) VALUES
(14, 'Divat'),
(12, 'Előadás'),
(8, 'Fesztivál'),
(11, 'Gasztronómia'),
(10, 'Jótékonysági esemény'),
(3, 'Kiállítás'),
(9, 'Koncert'),
(4, 'Konferencia'),
(1, 'Közösségi esemény'),
(7, 'Sport'),
(2, 'Társadalmi esemény'),
(6, 'Termékbemutató'),
(15, 'Ünnep'),
(5, 'Virtuális esemény'),
(13, 'Workshop');

-- --------------------------------------------------------

--
-- Tábla szerkezet ehhez a táblához `felhasznalok`
--

CREATE TABLE `felhasznalok` (
  `felhasznalo_id` char(36) NOT NULL,
  `felhasznalonev` varchar(64) NOT NULL,
  `jelszo_hash` char(64) NOT NULL,
  `salt` char(16) NOT NULL,
  `email` varchar(200) NOT NULL,
  `avatar` text DEFAULT NULL,
  `telefonszam` varchar(20) DEFAULT NULL,
  `leiras` text DEFAULT NULL,
  `letrehozva` timestamp NOT NULL DEFAULT current_timestamp(),
  `szerep_id` int(11) DEFAULT NULL,
  `varos_id` int(11) DEFAULT NULL,
  `like_szamlalo` int(11) NOT NULL
) ENGINE=InnoDB DEFAULT CHARSET=utf8mb4 COLLATE=utf8mb4_general_ci;

--
-- A tábla adatainak kiíratása `felhasznalok`
--

INSERT INTO `felhasznalok` (`felhasznalo_id`, `felhasznalonev`, `jelszo_hash`, `salt`, `email`, `avatar`, `telefonszam`, `leiras`, `letrehozva`, `szerep_id`, `varos_id`, `like_szamlalo`) VALUES
('1a95b3f7-0f84-4d77-b3d1-3b5ff1537429', 'Kovács János', 'jelszó1', 'salt1', 'janos.kovacs@gmail.com', NULL, '06301234567', 'Szívesen sportolok és új emberekkel ismerkedek.', '2024-03-05 10:10:05', 1, 1234, 0),
('1e45a241-1c95-4ad9-9efc-ec3aa1b416cc', 'TesztElek', '$2a$11$P/ThCEbB.WRC3RT89v7ju.J95NZYSAkLEk03SzphPLZg9rpe1S0ry', '', 'tesztelek@teszt.hu', NULL, NULL, NULL, '2024-03-18 08:57:54', NULL, NULL, 0),
('1f2aa9d7-45b1-4588-b4ad-29388ebfdb61', 'tesztesxd', '$2a$11$q.H7hQrls3m1e0kNtyXc1.3rGRRkWbJmKZfNvUlb7vYpac9LaNIEG', 'soxd', 'tesztbel@gmail.hu', 'https://mdbcdn.b-cdn.net/img/Photos/new-templates/bootstrap-chat/ava3.webp', '06707777777', 'Teszt Elek vagyok. Legjobb szervező!', '2024-04-04 07:17:50', 2, 13, 42000),
('2c54e324-7978-4670-b531-dc11a863bbb2', 'string1', '$2a$11$gFLuNPGW3PYBaB4tfmenwO/Rrc7I.06WcAOI264gaqLzDqgMI6FGC', '', 'strin1g', NULL, '0515252585', NULL, '2024-03-21 09:38:17', 1, 133, 0),
('2f4d9cb2-1e91-426b-a7e9-9ff1c3d6d7a2', 'Nagy Klára', 'jelszó2', 'salt2', 'klara.nagy@gmail.com', NULL, '06709876543', 'Imádom az állatokat és a természetet.', '2024-03-05 10:10:05', 2, 2678, 0),
('3d2d5a7f-3c6b-48b5-8891-2187a6712b4a', 'Kiss Péter', 'jelszó3', 'salt3', 'peter.kiss@gmail.com', NULL, '06205555555', 'Szeretek új recepteket kipróbálni.', '2024-03-05 10:10:05', 1, 910, 0),
('42aa7e31-d4bf-11ee-864c-a02bb82e5f4f', 'Adamoo', 'xloldd', '4adf4yfa4fa', 'csitaria@kkszki.hu', NULL, '06704206969', 'Béla vagyok, Béla vagyok, egy gomb gyárban dolgozom!', '2024-02-26 15:54:01', 1, 625, 0),
('4e8a1c56-2e52-42fc-9327-f09738f76a10', 'Tóth Katalin', 'jelszó4', 'salt4', 'katalin.toth@gmail.com', NULL, '06301111111', 'Utazni a szenvedélyem, és szeretek fotózni.', '2024-03-05 10:10:05', 2, 1213, 0),
('5b7d8e9f-5c18-4e07-ae60-8a882267bc87', 'Szabó András', 'jelszó5', 'salt5', 'andras.szabo@gmail.com', NULL, '06209999999', 'Kedvenc időtöltésem a hegyi túrázás.', '2024-03-05 10:10:05', 1, 1500, 0),
('f4f22f62-6d7f-4686-a203-2ac8d750989c', 'tesztElek2', '$2a$11$RogQFVIg/mSvNxknA8d05O3m/sQrROEVx6WPX289Fcu8me/qXtoIC', '', '', NULL, NULL, NULL, '2024-03-18 07:56:45', NULL, NULL, 0);

-- --------------------------------------------------------

--
-- Tábla szerkezet ehhez a táblához `megyek`
--

CREATE TABLE `megyek` (
  `megye_id` int(11) NOT NULL,
  `megyenev` varchar(50) NOT NULL
) ENGINE=InnoDB DEFAULT CHARSET=utf8mb4 COLLATE=utf8mb4_general_ci;

--
-- A tábla adatainak kiíratása `megyek`
--

INSERT INTO `megyek` (`megye_id`, `megyenev`) VALUES
(1, 'Bács-Kiskun vármegye'),
(2, 'Baranya vármegye'),
(3, 'Békés vármegye'),
(4, 'Borsod-Abaúj-Zemplén vármegye'),
(5, 'Csongrád-Csanád vármegye'),
(6, 'Fejér vármegye'),
(7, 'Győr-Moson-Sopron vármegye'),
(8, 'Hajdú-Bihar vármegye'),
(9, 'Heves vármegye'),
(10, 'Jász-Nagykun-Szolnok vármegye'),
(11, 'Komárom-Esztergom vármegye'),
(12, 'Nógrád vármegye'),
(13, 'Pest vármegye'),
(14, 'Somogy vármegye'),
(15, 'Szabolcs-Szatmár-Bereg vármegye'),
(16, 'Tolna vármegye'),
(17, 'Vas vármegye'),
(18, 'Veszprém vármegye'),
(19, 'Zala vármegye');

-- --------------------------------------------------------

--
-- Tábla szerkezet ehhez a táblához `szerepek`
--

CREATE TABLE `szerepek` (
  `szerep_id` int(11) NOT NULL,
  `szerepnev` varchar(24) NOT NULL
) ENGINE=InnoDB DEFAULT CHARSET=utf8mb4 COLLATE=utf8mb4_general_ci;

--
-- A tábla adatainak kiíratása `szerepek`
--

INSERT INTO `szerepek` (`szerep_id`, `szerepnev`) VALUES
(1, 'Admin'),
(2, 'Felhasznalo');

-- --------------------------------------------------------

--
-- Tábla szerkezet ehhez a táblához `telepulesek`
--

CREATE TABLE `telepulesek` (
  `telepules_id` int(11) NOT NULL,
  `telepules_nev` varchar(50) NOT NULL,
  `megye_id` int(11) DEFAULT NULL,
  `iranyitoszam` int(11) NOT NULL
) ENGINE=InnoDB DEFAULT CHARSET=utf8mb4 COLLATE=utf8mb4_general_ci;

--
-- A tábla adatainak kiíratása `telepulesek`
--

INSERT INTO `telepulesek` (`telepules_id`, `telepules_nev`, `megye_id`, `iranyitoszam`) VALUES
(1, 'Szentendre', 13, 2000),
(2, 'Pilisszentlászló', 13, 2009),
(3, 'Budakalász', 13, 2011),
(4, 'Pomáz', 13, 2013),
(5, 'Csobánka', 13, 2014),
(6, 'Szigetmonostor', 13, 2015),
(7, 'Leányfalu', 13, 2016),
(8, 'Pócsmegyer', 13, 2017),
(9, 'Tahitótfalu-Tótfalu', 13, 2021),
(10, 'Tahitótfalu-Tahi', 13, 2022),
(11, 'Dunabogdány', 13, 2023),
(12, 'Kisoroszi', 13, 2024),
(13, 'Visegrád', 13, 2025),
(14, 'Visegrád-Gizellatelep', 13, 2026),
(15, 'Dömös', 13, 2027),
(16, 'Pilismarót', 13, 2028),
(17, 'Érd', 13, 2030),
(18, 'Sóskút', 13, 2038),
(19, 'Pusztazámor', 13, 2039),
(20, 'Budaörs', 13, 2040),
(21, 'Törökbálint', 13, 2045),
(22, 'Diósd', 13, 2049),
(23, 'Biatorbágy', 13, 2051),
(24, 'Herceghalom', 13, 2053),
(25, 'Bicske', 13, 2060),
(26, 'Óbarok', 13, 2063),
(27, 'Csabdi', 13, 2064),
(28, 'Mány', 13, 2065),
(29, 'Szár', 13, 2066),
(30, 'Újbarok', 13, 2066),
(31, 'Szárliget', 13, 2067),
(32, 'Páty', 13, 2071),
(33, 'Zsámbék', 13, 2072),
(34, 'Tök', 13, 2073),
(35, 'Perbál', 13, 2074),
(36, 'Pilisjászfalu ', 13, 2080),
(37, 'Piliscsaba ', 13, 2081),
(38, 'Solymár', 13, 2083),
(39, 'Pilisszentiván', 13, 2084),
(40, 'Pilisvörösvár', 13, 2085),
(41, 'Tinnye', 13, 2086),
(42, 'Telki', 13, 2089),
(43, 'Remeteszőlős', 13, 2090),
(44, 'Etyek', 13, 2091),
(45, 'Budakeszi', 13, 2092),
(46, 'Budajenő', 13, 2093),
(47, 'Nagykovácsi', 13, 2094),
(48, 'Pilisszántó', 13, 2095),
(49, 'Üröm', 13, 2096),
(50, 'Pilisborosjenő', 13, 2097),
(51, 'Pilisszentkereszt', 13, 2098),
(52, 'Pilisszentkereszt-Dobogókő', 13, 2099),
(53, 'Gödöllő', 13, 2100),
(54, 'Szada', 13, 2111),
(55, 'Veresegyház', 13, 2112),
(56, 'Erdőkertes', 13, 2113),
(57, 'Valkó', 13, 2114),
(58, 'Vácszentlászló', 13, 2115),
(59, 'Zsámbok', 13, 2116),
(60, 'Isaszeg', 13, 2117),
(61, 'Dány', 13, 2118),
(62, 'Pécel', 13, 2119),
(63, 'Dunakeszi', 13, 2120),
(64, 'Göd-Alsógöd', 13, 2131),
(65, 'Göd-Felsőgöd', 13, 2132),
(66, 'Sződliget', 13, 2133),
(67, 'Sződ', 13, 2134),
(68, 'Csörög', 13, 2135),
(69, 'Csömör', 13, 2141),
(70, 'Nagytarcsa', 13, 2142),
(71, 'Kistarcsa', 13, 2143),
(72, 'Kerepes ', 13, 2144),
(73, 'Kerepes-Szilasliget', 13, 2145),
(74, 'Mogyoród', 13, 2146),
(75, 'Fót', 13, 2151),
(76, 'Csomád', 13, 2161),
(77, 'Őrbottyán', 13, 2162),
(78, 'Vácrátót', 13, 2163),
(79, 'Váchartyán', 13, 2164),
(80, 'Kisnémedi', 13, 2165),
(81, 'Püspökszilágy', 13, 2166),
(82, 'Vácduka', 13, 2167),
(83, 'Aszód', 13, 2170),
(84, 'Kartal', 13, 2173),
(85, 'Verseg', 13, 2174),
(86, 'Kálló', 13, 2175),
(87, 'Erdőkürt', 13, 2176),
(88, 'Erdőtarcsa', 13, 2177),
(89, 'Iklad', 13, 2181),
(90, 'Domony', 13, 2182),
(91, 'Galgamácsa', 13, 2183),
(92, 'Vácegres', 13, 2184),
(93, 'Váckisújfalu', 13, 2185),
(94, 'Bag', 13, 2191),
(95, 'Hévízgyörk', 13, 2192),
(96, 'Galgahévíz', 13, 2193),
(97, 'Tura', 13, 2194),
(98, 'Monor', 13, 2200),
(99, 'Péteri', 13, 2209),
(100, 'Vasad', 13, 2211),
(101, 'Csévharaszt', 13, 2212),
(102, 'Monorierdő', 13, 2213),
(103, 'Pánd', 13, 2214),
(104, 'Káva', 13, 2215),
(105, 'Bénye', 13, 2216),
(106, 'Gomba', 13, 2217),
(107, 'Vecsés', 13, 2220),
(108, 'Üllő', 13, 2225),
(109, 'Gyömrő', 13, 2230),
(110, 'Ecser', 13, 2233),
(111, 'Maglód', 13, 2234),
(112, 'Mende', 13, 2235),
(113, 'Sülysáp  ', 13, 2241),
(114, 'Kóka', 13, 2243),
(115, 'Úri', 13, 2244),
(116, 'Tápiószecső', 13, 2251),
(117, 'Tóalmás', 13, 2252),
(118, 'Tápióság', 13, 2253),
(119, 'Szentmártonkáta', 13, 2254),
(120, 'Szentlőrinckáta', 13, 2255),
(121, 'Ráckeve', 13, 2300),
(122, 'Lórév', 13, 2309),
(123, 'Szigetszentmiklós', 13, 2310),
(124, 'Halásztelek', 13, 2314),
(125, 'Szigethalom', 13, 2315),
(126, 'Tököl', 13, 2316),
(127, 'Szigetcsép', 13, 2317),
(128, 'Szigetszentmárton', 13, 2318),
(129, 'Szigetújfalu', 13, 2319),
(130, 'Szigetbecse', 13, 2321),
(131, 'Makád', 13, 2322),
(132, 'Dunaharaszti', 13, 2330),
(133, 'Taksony', 13, 2335),
(134, 'Dunavarsány', 13, 2336),
(135, 'Délegyháza', 13, 2337),
(136, 'Áporka', 13, 2338),
(137, 'Majosháza', 13, 2339),
(138, 'Kiskunlacháza', 13, 2340),
(139, 'Dömsöd', 13, 2344),
(140, 'Apaj', 13, 2345),
(141, 'Bugyi', 13, 2347),
(142, 'Alsónémedi', 13, 2351),
(143, 'Gyál', 13, 2360),
(144, 'Felsőpakony', 13, 2363),
(145, 'Ócsa', 13, 2364),
(146, 'Inárcs', 13, 2365),
(147, 'Kakucs', 13, 2366),
(148, 'Újhartyán', 13, 2367),
(149, 'Dabas', 13, 2370),
(150, 'Dabas-Sári', 13, 2371),
(151, 'Dabas-Gyón', 13, 2373),
(152, 'Tatárszentgyörgy', 13, 2375),
(153, 'Hernád', 13, 2376),
(154, 'Örkény', 13, 2377),
(155, 'Pusztavacs', 13, 2378),
(156, 'Táborfalva', 13, 2381),
(157, 'Dunaújváros', 13, 2400),
(158, 'Dunaújváros-Pálhahalma', 13, 2407),
(159, 'Nagyvenyim', 13, 2421),
(160, 'Mezőfalva', 13, 2422),
(161, 'Daruszentmiklós', 13, 2423),
(162, 'Előszállás', 13, 2424),
(163, 'Nagykarácsony', 13, 2425),
(164, 'Baracs ', 13, 2426),
(165, 'Baracs-Apátszállás', 13, 2427),
(166, 'Kisapostag', 13, 2428),
(167, 'Perkáta', 13, 2431),
(168, 'Szabadegyháza', 13, 2432),
(169, 'Sárosd', 13, 2433),
(170, 'Hantos', 13, 2434),
(171, 'Nagylók', 13, 2435),
(172, 'Százhalombatta', 13, 2440),
(173, 'Ercsi ', 13, 2451),
(174, 'Ercsi-Sinatelep', 13, 2453),
(175, 'Iváncsa', 13, 2454),
(176, 'Beloiannisz', 13, 2455),
(177, 'Besnyő', 13, 2456),
(178, 'Adony', 13, 2457),
(179, 'Kulcs', 13, 2458),
(180, 'Rácalmás', 13, 2459),
(181, 'Tárnok', 13, 2461),
(182, 'Martonvásár', 13, 2462),
(183, 'Tordas', 13, 2463),
(184, 'Gyúró', 13, 2464),
(185, 'Ráckeresztúr', 13, 2465),
(186, 'Baracska', 13, 2471),
(187, 'Kajászó', 13, 2472),
(188, 'Vál', 13, 2473),
(189, 'Kápolnásnyék', 13, 2475),
(190, 'Pázmánd', 13, 2476),
(191, 'Vereb', 13, 2477),
(192, 'Velence ', 13, 2481),
(193, 'Gárdony ', 13, 2483),
(194, 'Gárdony-Agárd', 13, 2484),
(195, 'Gárdony-Dinnyés', 13, 2485),
(196, 'Pusztaszabolcs', 13, 2490),
(197, 'Esztergom', 13, 2500),
(198, 'Esztergom-Pilisszentlélek', 13, 2508),
(199, 'Esztergom-Kertváros', 13, 2509),
(200, 'Dorog', 13, 2510),
(201, 'Kesztölc', 13, 2517),
(202, 'Leányvár', 13, 2518),
(203, 'Piliscsév', 13, 2519),
(204, 'Csolnok', 13, 2521),
(205, 'Dág', 13, 2522),
(206, 'Sárisáp', 13, 2523),
(207, 'Nagysáp', 13, 2524),
(208, 'Bajna', 13, 2525),
(209, 'Epöl', 13, 2526),
(210, 'Máriahalom', 13, 2527),
(211, 'Úny', 13, 2528),
(212, 'Annavölgy', 13, 2529),
(213, 'Tokod ', 13, 2531),
(214, 'Tokodaltáró', 13, 2532),
(215, 'Bajót', 13, 2533),
(216, 'Tát', 13, 2534),
(217, 'Mogyorósbánya', 13, 2535),
(218, 'Nyergesújfalu ', 13, 2536),
(219, 'Lábatlan ', 13, 2541),
(220, 'Süttő', 13, 2543),
(221, 'Neszmély', 13, 2544),
(222, 'Dunaalmás', 13, 2545),
(223, 'Vác', 13, 2600),
(224, 'Nőtincs', 13, 2610),
(225, 'Ősagárd', 13, 2610),
(226, 'Felsőpetény', 13, 2611),
(227, 'Kosd', 13, 2612),
(228, 'Rád', 13, 2613),
(229, 'Penc', 13, 2614),
(230, 'Csővár', 13, 2615),
(231, 'Keszeg', 13, 2616),
(232, 'Alsópetény', 13, 2617),
(233, 'Nézsa', 13, 2618),
(234, 'Legénd', 13, 2619),
(235, 'Verőce', 13, 2621),
(236, 'Kismaros', 13, 2623),
(237, 'Szokolya', 13, 2624),
(238, 'Kóspallag', 13, 2625),
(239, 'Nagymaros', 13, 2626),
(240, 'Zebegény', 13, 2627),
(241, 'Szob', 13, 2628),
(242, 'Márianosztra', 13, 2629),
(243, 'Ipolydamásd', 13, 2631),
(244, 'Letkés', 13, 2632),
(245, 'Ipolytölgyes', 13, 2633),
(246, 'Nagybörzsöny', 13, 2634),
(247, 'Vámosmikola', 13, 2635),
(248, 'Tésa', 13, 2636),
(249, 'Perőcsény', 13, 2637),
(250, 'Kemence', 13, 2638),
(251, 'Bernecebaráti', 13, 2639),
(252, 'Szendehely', 13, 2640),
(253, 'Berkenye', 13, 2641),
(254, 'Nógrád', 13, 2642),
(255, 'Diósjenő', 13, 2643),
(256, 'Borsosberény', 13, 2644),
(257, 'Nagyoroszi', 13, 2645),
(258, 'Drégelypalánk', 13, 2646),
(259, 'Hont', 13, 2647),
(260, 'Patak', 13, 2648),
(261, 'Dejtár', 13, 2649),
(262, 'Rétság', 13, 2651),
(263, 'Tereske', 13, 2652),
(264, 'Bánk', 13, 2653),
(265, 'Romhány', 13, 2654),
(266, 'Kétbodony', 13, 2655),
(267, 'Kisecset', 13, 2655),
(268, 'Szente', 13, 2655),
(269, 'Szátok', 13, 2656),
(270, 'Tolmács', 13, 2657),
(271, 'Horpács', 13, 2658),
(272, 'Pusztaberki', 13, 2658),
(273, 'Érsekvadkert', 13, 2659),
(274, 'Balassagyarmat', 13, 2660),
(275, 'Ipolyszög', 13, 2660),
(276, 'Patvarc', 13, 2668),
(277, 'Ipolyvece', 13, 2669),
(278, 'Őrhalom', 13, 2671),
(279, 'Hugyag', 13, 2672),
(280, 'Csitár', 13, 2673),
(281, 'Iliny', 13, 2674),
(282, 'Nógrádmarcal', 13, 2675),
(283, 'Cserhátsurány', 13, 2676),
(284, 'Herencsény', 13, 2677),
(285, 'Csesztve', 13, 2678),
(286, 'Galgagyörk', 13, 2681),
(287, 'Püspökhatvan', 13, 2682),
(288, 'Acsa', 13, 2683),
(289, 'Nógrádsáp', 13, 2685),
(290, 'Galgaguta', 13, 2686),
(291, 'Bercel', 13, 2687),
(292, 'Vanyarc', 13, 2688),
(293, 'Nógrádkövesd', 13, 2691),
(294, 'Szécsénke', 13, 2692),
(295, 'Becske', 13, 2693),
(296, 'Magyarnándor', 13, 2694),
(297, 'Cserháthaláp', 13, 2694),
(298, 'Debercsény', 13, 2694),
(299, 'Terény', 13, 2696),
(300, 'Szanda', 13, 2697),
(301, 'Mohora', 13, 2698),
(302, 'Szügy', 13, 2699),
(303, 'Cegléd', 13, 2700),
(304, 'Tápiószentmárton', 13, 2711),
(305, 'Nyársapát', 13, 2712),
(306, 'Csemő', 13, 2713),
(307, 'Pilis', 13, 2721),
(308, 'Nyáregyháza', 13, 2723),
(309, 'Újlengyel', 13, 2724),
(310, 'Albertirsa', 13, 2730),
(311, 'Dánszentmiklós', 13, 2735),
(312, 'Mikebuda', 13, 2736),
(313, 'Ceglédbercel', 13, 2737),
(314, 'Cegléd-Budai út', 13, 2738),
(315, 'Abony', 13, 2740),
(316, 'Kőröstetétlen', 13, 2745),
(317, 'Jászkarajenő', 13, 2746),
(318, 'Törtel', 13, 2747),
(319, 'Nagykőrös', 13, 2750),
(320, 'Kocsér', 13, 2755),
(321, 'Nagykáta', 13, 2760),
(322, 'Tápióbicske', 13, 2764),
(323, 'Farmos', 13, 2765),
(324, 'Tápiószele', 13, 2766),
(325, 'Tápiógyörgye', 13, 2767),
(326, 'Újszilvás', 13, 2768),
(327, 'Tápiószőlős', 13, 2769),
(328, 'Tatabánya', 11, 2800),
(329, 'Gyermely', 11, 2821),
(330, 'Szomor', 11, 2822),
(331, 'Vértessomló', 11, 2823),
(332, 'Várgesztes', 11, 2824),
(333, 'Tarján', 11, 2831),
(334, 'Héreg', 11, 2832),
(335, 'Vértestolna', 11, 2833),
(336, 'Tardos', 11, 2834),
(337, 'Tata-Agostyán', 11, 2835),
(338, 'Baj', 11, 2836),
(339, 'Vértesszőlős', 11, 2837),
(340, 'Oroszlány', 11, 2840),
(341, 'Környe', 11, 2851),
(342, 'Kecskéd', 11, 2852),
(343, 'Kömlőd', 11, 2853),
(344, 'Dad', 11, 2854),
(345, 'Bokod', 11, 2855),
(346, 'Szákszend', 11, 2856),
(347, 'Császár', 11, 2858),
(348, 'Vérteskethely', 11, 2859),
(349, 'Bakonysárkány', 11, 2861),
(350, 'Aka', 11, 2862),
(351, 'Kisbér', 11, 2870),
(352, 'Kisbér-Hánta', 11, 2879),
(353, 'Ászár', 11, 2881),
(354, 'Kerékteleki', 11, 2882),
(355, 'Bársonyos', 11, 2883),
(356, 'Bakonyszombathely', 11, 2884),
(357, 'Bakonybánk', 11, 2885),
(358, 'Réde', 11, 2886),
(359, 'Ácsteszér', 11, 2887),
(360, 'Csatka', 11, 2888),
(361, 'Súr', 11, 2889),
(362, 'Tata', 11, 2890),
(363, 'Szomód', 11, 2896),
(364, 'Dunaszentmiklós', 11, 2897),
(365, 'Kocs', 11, 2898),
(366, 'Naszály', 11, 2899),
(367, 'Komárom', 11, 2900),
(368, 'Komárom-Koppánymonostor', 11, 2903),
(369, 'Mocsa', 11, 2911),
(370, 'Komárom-Szőny', 11, 2921),
(371, 'Almásfüzitő ', 11, 2931),
(372, 'Ács', 11, 2941),
(373, 'Nagyigmánd', 11, 2942),
(374, 'Bábolna', 11, 2943),
(375, 'Tárkány-Öbölpuszta', 11, 2943),
(376, 'Bana', 11, 2944),
(377, 'Tárkány', 11, 2945),
(378, 'Csép', 11, 2946),
(379, 'Ete', 11, 2947),
(380, 'Kisigmánd', 11, 2948),
(381, 'Csém', 11, 2949),
(382, 'Hatvan', 9, 3000),
(383, 'Kerekharaszt', 9, 3009),
(384, 'Heréd', 9, 3011),
(385, 'Nagykökényes', 9, 3012),
(386, 'Ecséd', 9, 3013),
(387, 'Hort', 9, 3014),
(388, 'Csány', 9, 3015),
(389, 'Boldog', 9, 3016),
(390, 'Lőrinci ', 9, 3021),
(391, 'Lőrinci-Mátravidéki erőmű', 9, 3022),
(392, 'Petőfibánya', 9, 3023),
(393, 'Lőrinci-Selyp', 9, 3024),
(394, 'Zagyvaszántó', 9, 3031),
(395, 'Apc', 9, 3032),
(396, 'Rózsaszentmárton', 9, 3033),
(397, 'Szűcsi', 9, 3034),
(398, 'Gyöngyöspata', 9, 3035),
(399, 'Gyöngyöstarján', 9, 3036),
(400, 'Héhalom', 12, 3041),
(401, 'Palotás', 12, 3042),
(402, 'Egyházasdengeleg', 12, 3043),
(403, 'Szirák', 12, 3044),
(404, 'Bér', 12, 3045),
(405, 'Kisbágyon', 12, 3046),
(406, 'Buják', 12, 3047),
(407, 'Szarvasgede', 12, 3051),
(408, 'Csécse', 12, 3052),
(409, 'Ecseg', 12, 3053),
(410, 'Kozárd', 12, 3053),
(411, 'Pásztó', 12, 3060),
(412, 'Jobbágyi', 12, 3063),
(413, 'Szurdokpüspöki', 12, 3064),
(414, 'Pásztó-Hasznos', 12, 3065),
(415, 'Cserhátszentiván', 12, 3066),
(416, 'Bokor', 12, 3066),
(417, 'Kutasó', 12, 3066),
(418, 'Felsőtold', 12, 3067),
(419, 'Garáb', 12, 3067),
(420, 'Mátraszőlős', 12, 3068),
(421, 'Alsótold', 12, 3069),
(422, 'Bátonyterenye', 12, 3070),
(423, 'Tar', 12, 3073),
(424, 'Sámsonháza', 12, 3074),
(425, 'Nagybárkány', 12, 3075),
(426, 'Kisbárkány', 12, 3075),
(427, 'Márkháza', 12, 3075),
(428, 'Mátraverebély', 12, 3077),
(429, 'Bátonyterenye-Kisterenye', 12, 3078),
(430, 'Pásztó-Mátrakeresztes', 12, 3082),
(431, 'Salgótarján', 12, 3100),
(432, 'Salgótarján-Baglyasalja', 12, 3102),
(433, 'Salgótarján-Zagyvapálfalva', 12, 3104),
(434, 'Salgótarján-Salgóbánya', 12, 3109),
(435, 'Somoskőújfalu', 12, 3121),
(436, 'Cered', 12, 3123),
(437, 'Zabar', 12, 3124),
(438, 'Szilaspogony', 12, 3125),
(439, 'Bárna', 12, 3126),
(440, 'Kazár', 12, 3127),
(441, 'Vizslás', 12, 3128),
(442, 'Lucfalva', 12, 3129),
(443, 'Nagykeresztúr', 12, 3129),
(444, 'Sóshartyán', 12, 3131),
(445, 'Nógrádmegyer', 12, 3132),
(446, 'Magyargéc', 12, 3133),
(447, 'Piliny', 12, 3134),
(448, 'Szécsényfelfalu', 12, 3135),
(449, 'Etes', 12, 3136),
(450, 'Karancsberény', 12, 3137),
(451, 'Ipolytarnóc', 12, 3138),
(452, 'Salgótarján-Zagyvaróna', 12, 3141),
(453, 'Mátraszele', 12, 3142),
(454, 'Mátranovák', 12, 3143),
(455, 'Mátranovák-Bányatelep', 12, 3144),
(456, 'Mátraterenye-Homokterenye', 12, 3145),
(457, 'Mátraterenye-Nádújfalu', 12, 3146),
(458, 'Kazár-Mizserfa', 12, 3147),
(459, 'Rákóczibánya', 12, 3151),
(460, 'Nemti', 12, 3152),
(461, 'Dorogháza', 12, 3153),
(462, 'Szuha', 12, 3154),
(463, 'Mátramindszent', 12, 3155),
(464, 'Kishartyán', 12, 3161),
(465, 'Ságújfalu', 12, 3162),
(466, 'Karancsság', 12, 3163),
(467, 'Szalmatercs', 12, 3163),
(468, 'Endrefalva', 12, 3165),
(469, 'Szécsény', 12, 3170),
(470, 'Nagylóc', 12, 3175),
(471, 'Hollókő', 12, 3176),
(472, 'Rimóc', 12, 3177),
(473, 'Varsány', 12, 3178),
(474, 'Nógrádsipek', 12, 3179),
(475, 'Karancsalja', 12, 3181),
(476, 'Karancslapujtő', 12, 3182),
(477, 'Karancskeszi', 12, 3183),
(478, 'Mihálygerge', 12, 3184),
(479, 'Egyházasgerge', 12, 3185),
(480, 'Litke', 12, 3186),
(481, 'Nógrádszakál', 12, 3187),
(482, 'Ludányhalászi', 12, 3188),
(483, 'Gyöngyös', 12, 3200),
(484, 'Gyöngyösoroszi', 12, 3211),
(485, 'Gyöngyöshalász', 12, 3212),
(486, 'Atkár', 12, 3213),
(487, 'Nagyréde', 12, 3214),
(488, 'Gyöngyös-Kékestető', 12, 3221),
(489, 'Gyöngyössolymos', 12, 3231),
(490, 'Gyöngyös-Mátrafüred', 12, 3232),
(491, 'Gyöngyös-Mátraháza', 12, 3233),
(492, 'Mátraszentimre-Galyatető', 12, 3234),
(493, 'Mátraszentimre', 12, 3235),
(494, 'Parád', 12, 3240),
(495, 'Parádsasvár', 12, 3242),
(496, 'Bodony', 12, 3243),
(497, 'Recsk', 12, 3245),
(498, 'Mátraderecske', 12, 3246),
(499, 'Mátraballa', 12, 3247),
(500, 'Ivád', 12, 3248),
(501, 'Pétervására', 12, 3250),
(502, 'Erdőkövesd', 12, 3252),
(503, 'Istenmezeje', 12, 3253),
(504, 'Váraszó', 9, 3254),
(505, 'Fedémes', 9, 3255),
(506, 'Kisfüzes', 9, 3256),
(507, 'Bükkszenterzsébet', 9, 3257),
(508, 'Tarnalelesz', 9, 3258),
(509, 'Szentdomonkos', 9, 3259),
(510, 'Abasár', 9, 3261),
(511, 'Pálosvörösmart', 9, 3261),
(512, 'Markaz', 9, 3262),
(513, 'Domoszló', 9, 3263),
(514, 'Kisnána', 9, 3264),
(515, 'Vécs', 9, 3265),
(516, 'Visonta ', 9, 3271),
(517, 'Visonta-Mátrai Erőmű', 9, 3272),
(518, 'Halmajugra', 9, 3273),
(519, 'Ludas', 9, 3274),
(520, 'Detk', 9, 3275),
(521, 'Karácsond', 9, 3281),
(522, 'Nagyfüged', 9, 3282),
(523, 'Tarnazsadány', 9, 3283),
(524, 'Tarnaméra', 9, 3284),
(525, 'Vámosgyörk', 9, 3291),
(526, 'Adács', 9, 3292),
(527, 'Visznek', 9, 3293),
(528, 'Tarnaörs', 9, 3294),
(529, 'Erk', 9, 3295),
(530, 'Zaránk', 9, 3296),
(531, 'Eger', 9, 3300),
(532, 'Egerbakta', 9, 3321),
(533, 'Hevesaranyos', 9, 3322),
(534, 'Szarvaskő', 9, 3323),
(535, 'Felsőtárkány', 9, 3324),
(536, 'Noszvaj', 9, 3325),
(537, 'Ostoros', 9, 3326),
(538, 'Novaj', 9, 3327),
(539, 'Egerszólát', 9, 3328),
(540, 'Tarnaszentmária', 9, 3331),
(541, 'Sirok', 9, 3332),
(542, 'Terpes', 9, 3333),
(543, 'Szajla', 9, 3334),
(544, 'Bükkszék', 9, 3335),
(545, 'Bátor', 9, 3336),
(546, 'Egerbocs', 9, 3337),
(547, 'Egercsehi', 9, 3341),
(548, 'Szúcs', 9, 3341),
(549, 'Bekölce', 9, 3343),
(550, 'Mikófalva', 9, 3344),
(551, 'Mónosbél', 9, 3345),
(552, 'Bélapátfalva', 9, 3346),
(553, 'Bükkszentmárton', 9, 3346),
(554, 'Balaton', 9, 3347),
(555, 'Szilvásvárad', 9, 3348),
(556, 'Nagyvisnyó', 9, 3349),
(557, 'Kál', 9, 3350),
(558, 'Verpelét', 9, 3351),
(559, 'Feldebrő', 9, 3352),
(560, 'Aldebrő', 9, 3353),
(561, 'Tófalu', 9, 3354),
(562, 'Kápolna', 9, 3355),
(563, 'Kompolt', 9, 3356),
(564, 'Nagyút', 9, 3357),
(565, 'Erdőtelek', 9, 3358),
(566, 'Tenk', 9, 3359),
(567, 'Heves', 9, 3360),
(568, 'Boconád', 9, 3368),
(569, 'Tarnabod', 9, 3369),
(570, 'Átány', 9, 3371),
(571, 'Kömlő', 9, 3372),
(572, 'Besenyőtelek', 9, 3373),
(573, 'Dormánd', 9, 3374),
(574, 'Mezőtárkány', 9, 3375),
(575, 'Szihalom', 9, 3377),
(576, 'Mezőszemere', 9, 3378),
(577, 'Egerfarmos', 9, 3379),
(578, 'Pély', 9, 3381),
(579, 'Tarnaszentmiklós', 9, 3382),
(580, 'Hevesvezekény', 9, 3383),
(581, 'Kisköre', 9, 3384),
(582, 'Tiszanána', 9, 3385),
(583, 'Sarud', 9, 3386),
(584, 'Újlőrincfalva', 9, 3387),
(585, 'Poroszló', 9, 3388),
(586, 'Füzesabony ', 9, 3390),
(587, 'Egerszalók', 9, 3394),
(588, 'Demjén', 9, 3395),
(589, 'Kerecsend', 9, 3396),
(590, 'Maklár', 9, 3397),
(591, 'Nagytálya', 9, 3398),
(592, 'Andornaktálya', 9, 3399),
(593, 'Mezőkövesd', 4, 3400),
(594, 'Szomolya', 4, 3411),
(595, 'Bogács', 4, 3412),
(596, 'Cserépfalu', 4, 3413),
(597, 'Bükkzsérc', 4, 3414),
(598, 'Tard', 4, 3416),
(599, 'Cserépváralja', 4, 3417),
(600, 'Szentistván', 4, 3418),
(601, 'Mezőnyárád', 4, 3421),
(602, 'Bükkábrány', 4, 3422),
(603, 'Tibolddaróc', 4, 3423),
(604, 'Kács', 4, 3424),
(605, 'Sály', 4, 3425),
(606, 'Borsodgeszt', 4, 3426),
(607, 'Vatta', 4, 3431),
(608, 'Emőd', 4, 3432),
(609, 'Nyékládháza ', 4, 3433),
(610, 'Mályi', 4, 3434),
(611, 'Mezőkeresztes ', 4, 3441),
(612, 'Csincse', 4, 3442),
(613, 'Mezőnagymihály', 4, 3443),
(614, 'Gelej', 4, 3444),
(615, 'Mezőcsát', 4, 3450),
(616, 'Tiszakeszi', 4, 3458),
(617, 'Igrici', 4, 3459),
(618, 'Egerlövő', 4, 3461),
(619, 'Borsodivánka', 4, 3462),
(620, 'Négyes', 4, 3463),
(621, 'Tiszavalk', 4, 3464),
(622, 'Tiszabábolna', 4, 3465),
(623, 'Tiszadorogma', 4, 3466),
(624, 'Ároktő', 4, 3467),
(625, 'Miskolc', 4, 3500),
(626, 'Ónod', 4, 3551),
(627, 'Muhi', 4, 3552),
(628, 'Kistokaj', 4, 3553),
(629, 'Bükkaranyos', 4, 3554),
(630, 'Harsány', 4, 3555),
(631, 'Kisgyőr', 4, 3556),
(632, 'Bükkszentkereszt', 4, 3557),
(633, 'Répáshuta', 4, 3559),
(634, 'Felsőzsolca', 4, 3561),
(635, 'Onga', 4, 3562),
(636, 'Hernádkak', 4, 3563),
(637, 'Hernádnémeti', 4, 3564),
(638, 'Tiszalúc', 4, 3565),
(639, 'Alsózsolca', 4, 3571),
(640, 'Sajólád', 4, 3572),
(641, 'Sajópetri', 4, 3573),
(642, 'Bőcs', 4, 3574),
(643, 'Berzék', 4, 3575),
(644, 'Sajóhídvég', 4, 3576),
(645, 'Köröm', 4, 3577),
(646, 'Girincs', 4, 3578),
(647, 'Kiscsécs', 4, 3578),
(648, 'Kesznyéten', 4, 3579),
(649, 'Tiszaújváros', 4, 3580),
(650, 'Sajóörös', 4, 3586),
(651, 'Tiszapalkonya', 4, 3587),
(652, 'Hejőkürt', 4, 3588),
(653, 'Tiszatarján', 4, 3589),
(654, 'Oszlár', 4, 3591),
(655, 'Nemesbikk', 4, 3592),
(656, 'Hejőbába', 4, 3593),
(657, 'Hejőpapi', 4, 3594),
(658, 'Hejőszalonta', 4, 3595),
(659, 'Szakáld', 4, 3596),
(660, 'Hejőkeresztúr', 4, 3597),
(661, 'Nagycsécs', 4, 3598),
(662, 'Sajószöged', 4, 3599),
(663, 'Ózd', 4, 3600),
(664, 'Ózd-Bánszállás', 4, 3604),
(665, 'Farkaslyuk', 4, 3608),
(666, 'Ózd-Uraj', 4, 3621),
(667, 'Uppony', 4, 3622),
(668, 'Borsodszentgyörgy', 4, 3623),
(669, 'Ózd-Szentsimon', 4, 3625),
(670, 'Hangony', 4, 3626),
(671, 'Domaháza', 4, 3627),
(672, 'Kissikátor', 4, 3627),
(673, 'Putnok', 4, 3630),
(674, 'Dubicsány', 4, 3635),
(675, 'Vadna', 4, 3636),
(676, 'Sajógalgóc', 4, 3636),
(677, 'Nagybarca', 4, 3641),
(678, 'Bánhorváti', 4, 3642),
(679, 'Dédestapolcsány', 4, 3643),
(680, 'Tardona', 4, 3644),
(681, 'Mályinka', 4, 3645),
(682, 'Nekézseny', 4, 3646),
(683, 'Csokvaomány', 4, 3647),
(684, 'Csernely', 4, 3648),
(685, 'Bükkmogyorósd', 4, 3648),
(686, 'Lénárddaróc', 4, 3648),
(687, 'Ózd-Center', 4, 3651),
(688, 'Sajónémeti', 4, 3652),
(689, 'Sajópüspöki', 4, 3653),
(690, 'Bánréve', 4, 3654),
(691, 'Hét', 4, 3655),
(692, 'Sajóvelezd', 4, 3656),
(693, 'Sajómercse', 4, 3656),
(694, 'Királd', 4, 3657),
(695, 'Borsodbóta', 4, 3658),
(696, 'Sáta', 4, 3659),
(697, 'Ózd-Hódoscsépány', 4, 3661),
(698, 'Ózd-Somsálybánya', 4, 3662),
(699, 'Arló', 4, 3663),
(700, 'Járdánháza', 4, 3664),
(701, 'Borsodnádasd ', 4, 3671),
(702, 'Borsodnádasd-Lemezgyár', 4, 3672),
(703, 'Kazincbarcika', 4, 3700),
(704, 'Berente', 4, 3704),
(705, 'Szirmabesenyő', 4, 3711),
(706, 'Sajóvámos', 4, 3712),
(707, 'Sajósenye', 4, 3712),
(708, 'Arnót', 4, 3713),
(709, 'Sajópálfala', 4, 3714),
(710, 'Gesztely', 4, 3715),
(711, 'Újcsanálos', 4, 3716),
(712, 'Sóstófalva', 4, 3716),
(713, 'Alsódobsza', 4, 3717),
(714, 'Megyaszó', 4, 3718),
(715, 'Sajókaza', 4, 3720),
(716, 'Sajóivánka', 4, 3720),
(717, 'Felsőnyárád', 4, 3721),
(718, 'Dövény', 4, 3721),
(719, 'Jákfalva', 4, 3721),
(720, 'Felsőkelecsény', 4, 3722),
(721, 'Zubogy', 4, 3723),
(722, 'Ragály', 4, 3724),
(723, 'Trizs', 4, 3724),
(724, 'Imola', 4, 3725),
(725, 'Zádorfalva', 4, 3726),
(726, 'Alsószuha', 4, 3726),
(727, 'Szuhafő', 4, 3726),
(728, 'Kelemér', 4, 3728),
(729, 'Gömörszőlős', 4, 3728),
(730, 'Serényfalva', 4, 3729),
(731, 'Szuhakálló', 4, 3731),
(732, 'Kurityán', 4, 3732),
(733, 'Rudabánya', 4, 3733),
(734, 'Szuhogy', 4, 3734),
(735, 'Felsőtelekes', 4, 3735),
(736, 'Alsótelekes', 4, 3735),
(737, 'Kánó', 4, 3735),
(738, 'Izsófalva', 4, 3741),
(739, 'Rudolftelep', 4, 3742),
(740, 'Ormosbánya', 4, 3743),
(741, 'Múcsony', 4, 3744),
(742, 'Szendrőlád', 4, 3751),
(743, 'Szendrő', 4, 3752),
(744, 'Galvács', 4, 3752),
(745, 'Abod', 4, 3753),
(746, 'Szalonna', 4, 3754),
(747, 'Meszes', 4, 3754),
(748, 'Martonyi', 4, 3755),
(749, 'Perkupa', 4, 3756),
(750, 'Varbóc', 4, 3756),
(751, 'Szőlősardó', 4, 3757),
(752, 'Égerszög', 4, 3757),
(753, 'Teresztenye', 4, 3757),
(754, 'Jósvafő', 4, 3758),
(755, 'Aggtelek', 4, 3759),
(756, 'Szin', 4, 3761),
(757, 'Szinpetri', 4, 3761),
(758, 'Tornakápolna', 4, 3761),
(759, 'Szögliget', 4, 3762),
(760, 'Bódvaszilas', 4, 3763),
(761, 'Bódvarákó', 4, 3764),
(762, 'Komjáti', 4, 3765),
(763, 'Tornabarakony', 4, 3765),
(764, 'Tornaszentandrás', 4, 3765),
(765, 'Tornanádaska', 4, 3767),
(766, 'Hidvégardó', 4, 3768),
(767, 'Becskeháza', 4, 3768),
(768, 'Bódvalenke', 4, 3768),
(769, 'Tornaszentjakab', 4, 3769),
(770, 'Sajószentpéter', 4, 3770),
(771, 'Sajókápolna', 4, 3773),
(772, 'Sajólászlófalva', 4, 3773),
(773, 'Kondó', 4, 3775),
(774, 'Radostyán', 4, 3776),
(775, 'Parasznya', 4, 3777),
(776, 'Varbó', 4, 3778),
(777, 'Alacska', 4, 3779),
(778, 'Edelény ', 4, 3780),
(779, 'Balajt', 4, 3780),
(780, 'Damak', 4, 3780),
(781, 'Ládbesenyő', 4, 3780),
(782, 'Edelény-Finke', 4, 3783),
(783, 'Lak', 4, 3786),
(784, 'Hegymeg', 4, 3786),
(785, 'Irota', 4, 3786),
(786, 'Szakácsi', 4, 3786),
(787, 'Tomor', 4, 3787),
(788, 'Sajókeresztúr', 4, 3791),
(789, 'Sajóbábony', 4, 3792),
(790, 'Sajóecseg', 4, 3793),
(791, 'Boldva', 4, 3794),
(792, 'Ziliz', 4, 3794),
(793, 'Hangács', 4, 3795),
(794, 'Nyomár', 4, 3795),
(795, 'Borsodszirák', 4, 3796),
(796, 'Szikszó', 4, 3800),
(797, 'Selyeb', 4, 3809),
(798, 'Abaújszolnok', 4, 3809),
(799, 'Nyésta', 4, 3809),
(800, 'Alsóvadász', 4, 3811),
(801, 'Homrogd', 4, 3812),
(802, 'Monaj', 4, 3812),
(803, 'Kupa', 4, 3813),
(804, 'Felsővadász', 4, 3814),
(805, 'Gadna', 4, 3815),
(806, 'Abaújlak', 4, 3815),
(807, 'Gagyvendégi', 4, 3816),
(808, 'Gagybátor', 4, 3817),
(809, 'Krasznokvajda', 4, 3821),
(810, 'Büttös', 4, 3821),
(811, 'Kány', 4, 3821),
(812, 'Keresztéte', 4, 3821),
(813, 'Pamlény', 4, 3821),
(814, 'Perecse', 4, 3821),
(815, 'Szászfa', 4, 3821),
(816, 'Rakaca', 4, 3825),
(817, 'Debréte', 4, 3825),
(818, 'Viszló', 4, 3825),
(819, 'Rakacaszend', 4, 3826),
(820, 'Kázsmárk', 4, 3831),
(821, 'Léh', 4, 3832),
(822, 'Rásonysápberencs', 4, 3833),
(823, 'Detek', 4, 3834),
(824, 'Beret', 4, 3834),
(825, 'Baktakék', 4, 3836),
(826, 'Felsőgagy', 4, 3837),
(827, 'Alsógagy', 4, 3837),
(828, 'Csenyéte', 4, 3837),
(829, 'Gagyapáti', 4, 3837),
(830, 'Aszaló', 4, 3841),
(831, 'Halmaj', 4, 3842),
(832, 'Kiskinizs', 4, 3843),
(833, 'Nagykinizs', 4, 3844),
(834, 'Szentistvánbaksa', 4, 3844),
(835, 'Hernádkércs', 4, 3846),
(836, 'Felsődobsza', 4, 3847),
(837, 'Csobád', 4, 3848),
(838, 'Forró', 4, 3849),
(839, 'Ináncs', 4, 3851),
(840, 'Hernádszentandrás', 4, 3852),
(841, 'Pere', 4, 3853),
(842, 'Hernádbűd', 4, 3853),
(843, 'Gibárt', 4, 3854),
(844, 'Fancsal', 4, 3855),
(845, 'Encs', 4, 3860),
(846, 'Szalaszend', 4, 3863),
(847, 'Fulókércs', 4, 3864),
(848, 'Fáj', 4, 3865),
(849, 'Szemere', 4, 3866),
(850, 'Litka', 4, 3866),
(851, 'Méra', 4, 3871),
(852, 'Novajidrány', 4, 3872),
(853, 'Garadna', 4, 3873),
(854, 'Hernádvécse', 4, 3874),
(855, 'Hernádpetri', 4, 3874),
(856, 'Pusztaradvány', 4, 3874),
(857, 'Hernádszurdok', 4, 3875),
(858, 'Hidasnémeti', 4, 3876),
(859, 'Tornyosnémeti', 4, 3877),
(860, 'Abaújszántó', 4, 3881),
(861, 'Baskó', 4, 3881),
(862, 'Sima', 4, 3881),
(863, 'Abaújkér', 4, 3882),
(864, 'Abaújalpár', 4, 3882),
(865, 'Boldogkőújfalu', 4, 3884),
(866, 'Boldogkőváralja', 4, 3885),
(867, 'Arka', 4, 3885),
(868, 'Korlát', 4, 3886),
(869, 'Hernádcéce', 4, 3887),
(870, 'Vizsoly', 4, 3888),
(871, 'Vilmány', 4, 3891),
(872, 'Hejce', 4, 3892),
(873, 'Fony', 4, 3893),
(874, 'Mogyoróska', 4, 3893),
(875, 'Regéc', 4, 3893),
(876, 'Göncruszka', 4, 3894),
(877, 'Gönc', 4, 3895),
(878, 'Telkibánya', 4, 3896),
(879, 'Zsujta', 4, 3897),
(880, 'Abaújvár', 4, 3898),
(881, 'Pányok', 4, 3898),
(882, 'Kéked', 4, 3899),
(883, 'Szerencs', 4, 3900),
(884, 'Szerencs-Ond', 4, 3902),
(885, 'Bekecs', 4, 3903),
(886, 'Legyesbénye', 4, 3904),
(887, 'Monok', 4, 3905),
(888, 'Golop', 4, 3906),
(889, 'Tállya', 4, 3907),
(890, 'Rátka', 4, 3908),
(891, 'Mád', 4, 3909),
(892, 'Tokaj', 4, 3910),
(893, 'Tarcal', 4, 3915),
(894, 'Bodrogkeresztúr', 4, 3916),
(895, 'Bodrogkisfalud', 4, 3917),
(896, 'Szegi', 4, 3918),
(897, 'Szegilong', 4, 3918),
(898, 'Taktaszada', 4, 3921),
(899, 'Taktaharkány', 4, 3922),
(900, 'Gesztely-Újharangod', 4, 3923),
(901, 'Taktakenéz', 4, 3924),
(902, 'Prügy', 4, 3925),
(903, 'Taktabáj', 4, 3926),
(904, 'Csobaj', 4, 3927),
(905, 'Tiszatardos', 4, 3928),
(906, 'Tiszaladány', 4, 3929),
(907, 'Mezőzombor', 4, 3931),
(908, 'Erdőbénye', 4, 3932),
(909, 'Olaszliszka', 4, 3933),
(910, 'Tolcsva', 4, 3934),
(911, 'Erdőhorváti', 4, 3935),
(912, 'Háromhuta', 4, 3936),
(913, 'Komlóska', 4, 3937),
(914, 'Vámosújfalu', 4, 3941),
(915, 'Sárazsadány', 4, 3942),
(916, 'Bodrogolaszi', 4, 3943),
(917, 'Sátoraljaújhely-Károlyfalva', 4, 3944),
(918, 'Sátoraljaújhely-Rudabányácska', 4, 3945),
(919, 'Sárospatak', 4, 3950),
(920, 'Györgytarló', 4, 3954),
(921, 'Kenézlő', 4, 3955),
(922, 'Viss', 4, 3956),
(923, 'Zalkod', 4, 3957),
(924, 'Hercegkút', 4, 3958),
(925, 'Makkoshotyka', 4, 3959),
(926, 'Vajdácska', 4, 3961),
(927, 'Karos', 4, 3962),
(928, 'Karcsa', 4, 3963),
(929, 'Pácin', 4, 3964),
(930, 'Nagyrozvágy', 4, 3965),
(931, 'Kisrozvágy', 4, 3965),
(932, 'Lácacséke', 4, 3967),
(933, 'Tiszakarád', 4, 3971),
(934, 'Tiszacsermely', 4, 3972),
(935, 'Cigánd', 4, 3973),
(936, 'Ricse', 4, 3974),
(937, 'Semjén', 4, 3974),
(938, 'Révleányvár', 4, 3976),
(939, 'Zemplénagárd', 4, 3977),
(940, 'Dámóc', 4, 3978),
(941, 'Sátoraljaújhely', 4, 3980),
(942, 'Alsóberecki', 4, 3985),
(943, 'Felsőberecki', 4, 3985),
(944, 'Bodroghalom', 4, 3987),
(945, 'Sátoraljaújhely-Széphalom', 4, 3988),
(946, 'Mikóháza', 4, 3989),
(947, 'Alsóregmec', 4, 3989),
(948, 'Felsőregmec', 4, 3989),
(949, 'Vilyvitány', 4, 3991),
(950, 'Kovácsvágás', 4, 3992),
(951, 'Vágáshuta', 4, 3992),
(952, 'Füzérradvány', 4, 3993),
(953, 'Pálháza', 4, 3994),
(954, 'Bózsva', 4, 3994),
(955, 'Filkeháza', 4, 3994),
(956, 'Füzérkajata', 4, 3994),
(957, 'Kishuta', 4, 3994),
(958, 'Nagyhuta', 4, 3994),
(959, 'Pusztafalu', 4, 3995),
(960, 'Füzér', 4, 3996),
(961, 'Füzérkomlós', 4, 3997),
(962, 'Nyíri', 4, 3998),
(963, 'Hollóháza', 4, 3999),
(964, 'Debrecen', 8, 4000),
(965, 'Balmazújváros', 8, 4060),
(966, 'Nagyhegyes', 8, 4064),
(967, 'Újszentmargita', 8, 4065),
(968, 'Tiszacsege', 8, 4066),
(969, 'Egyek-Telekháza', 8, 4067),
(970, 'Egyek', 8, 4069),
(971, 'Hortobágy', 8, 4071),
(972, 'Hajdúböszörmény-Nagypród', 8, 4074),
(973, 'Görbeháza', 8, 4075),
(974, 'Hajdúnánás', 8, 4080),
(975, 'Hajdúnánás-Tedej', 8, 4085),
(976, 'Hajdúböszörmény-Hajdúvid', 8, 4086),
(977, 'Hajdúdorog', 8, 4087),
(978, 'Polgár', 8, 4090),
(979, 'Folyás', 8, 4095),
(980, 'Újtikos', 8, 4096),
(981, 'Tiszagyulaháza', 8, 4097),
(982, 'Berettyóújfalu', 8, 4100),
(983, 'Biharkeresztes', 8, 4110),
(984, 'Bojt', 8, 4114),
(985, 'Ártánd ', 8, 4115),
(986, 'Berekböszörmény', 8, 4116),
(987, 'Told ', 8, 4117),
(988, 'Mezőpeterd', 8, 4118),
(989, 'Váncsod', 8, 4119),
(990, 'Szentpéterszeg', 8, 4121),
(991, 'Gáborján', 8, 4122),
(992, 'Hencida', 8, 4123),
(993, 'Esztár', 8, 4124),
(994, 'Pocsaj', 8, 4125),
(995, 'Kismarja', 8, 4126),
(996, 'Nagykereki', 8, 4127),
(997, 'Bedő', 8, 4128),
(998, 'Derecske', 8, 4130),
(999, 'Tépe', 8, 4132),
(1000, 'Konyár', 8, 4133),
(1001, 'Mezősas', 8, 4134),
(1002, 'Körösszegapáti', 8, 4135),
(1003, 'Körösszakál', 8, 4136),
(1004, 'Magyarhomorog', 8, 4137),
(1005, 'Komádi', 8, 4138),
(1006, 'Furta', 8, 4141),
(1007, 'Zsáka', 8, 4142),
(1008, 'Vekerd', 8, 4143),
(1009, 'Darvas', 8, 4144),
(1010, 'Csökmő', 8, 4145),
(1011, 'Újiráz', 8, 4146),
(1012, 'Püspökladány', 8, 4150),
(1013, 'Báránd', 8, 4161),
(1014, 'Szerep-Hosszúhát', 8, 4162),
(1015, 'Szerep', 8, 4163),
(1016, 'Bakonszeg', 8, 4164),
(1017, 'Sárrétudvari', 8, 4171),
(1018, 'Biharnagybajom', 8, 4172),
(1019, 'Nagyrábé', 8, 4173),
(1020, 'Bihartorda', 8, 4174),
(1021, 'Bihardancsháza', 8, 4175),
(1022, 'Sáp', 8, 4176),
(1023, 'Földes', 8, 4177),
(1024, 'Nádudvar', 8, 4181),
(1025, 'Kaba', 8, 4183),
(1026, 'Tetétlen', 8, 4184),
(1027, 'Hajdúszoboszló', 8, 4200),
(1028, 'Ebes', 8, 4211),
(1029, 'Hajdúszovát', 8, 4212),
(1030, 'Hajdúböszörmény', 8, 4220),
(1031, 'Hajdúböszörmény-Bodaszőlő', 8, 4224),
(1032, 'Bököny', 8, 4231),
(1033, 'Geszteréd', 8, 4232),
(1034, 'Balkány', 8, 4233),
(1035, 'Szakoly', 8, 4234),
(1036, 'Biri', 8, 4235),
(1037, 'Bocskaikert', 8, 4241),
(1038, 'Hajdúhadház', 8, 4242),
(1039, 'Téglás', 8, 4243),
(1040, 'Újfehértó', 8, 4244),
(1041, 'Érpatak', 8, 4245),
(1042, 'Nyíregyháza-Butykatelep', 8, 4246),
(1043, 'Hajdúsámson', 8, 4251),
(1044, 'Nyíradony-Tamásipuszta', 8, 4252),
(1045, 'Nyíradony-Aradványpuszta', 8, 4253),
(1046, 'Nyíradony', 8, 4254),
(1047, 'Nyíracsád', 8, 4262),
(1048, 'Nyírmártonfalva', 8, 4263),
(1049, 'Nyírábrány', 8, 4264),
(1050, 'Fülöp', 8, 4266),
(1051, 'Penészlek', 8, 4267),
(1052, 'Mikepércs', 8, 4271),
(1053, 'Sáránd', 8, 4272),
(1054, 'Hajdúbagos', 8, 4273),
(1055, 'Hosszúpályi', 8, 4274),
(1056, 'Monostorpályi', 8, 4275),
(1057, 'Létavértes-Nagyléta', 8, 4281),
(1058, 'Létavértes-Vértes', 8, 4283),
(1059, 'Kokad', 8, 4284),
(1060, 'Álmosd', 8, 4285),
(1061, 'Bagamér', 8, 4286),
(1062, 'Vámospércs', 8, 4287),
(1063, 'Újléta', 8, 4288),
(1064, 'Nyírbátor', 15, 4300),
(1065, 'Nyírgyulaj', 15, 4311),
(1066, 'Nagykálló', 15, 4320),
(1067, 'Kállósemjén', 15, 4324),
(1068, 'Kisléta', 15, 4325),
(1069, 'Máriapócs', 15, 4326),
(1070, 'Pócspetri', 15, 4327),
(1071, 'Nyírcsászári', 15, 4331),
(1072, 'Nyírderzs', 15, 4332),
(1073, 'Nyírkáta', 15, 4333),
(1074, 'Hodász', 15, 4334),
(1075, 'Kántorjánosi', 15, 4335),
(1076, 'Őr', 15, 4336),
(1077, 'Jármi', 15, 4337),
(1078, 'Papos ', 15, 4338),
(1079, 'Nyírvasvári', 15, 4341),
(1080, 'Terem', 15, 4342),
(1081, 'Bátorliget', 15, 4343),
(1082, 'Vállaj', 15, 4351),
(1083, 'Mérk', 15, 4352),
(1084, 'Tiborszállás', 15, 4353),
(1085, 'Fábiánháza', 15, 4354),
(1086, 'Nagyecsed', 15, 4355),
(1087, 'Nyírcsaholy', 15, 4356),
(1088, 'Nyírbogát', 15, 4361),
(1089, 'Nyírgelse', 15, 4362),
(1090, 'Nyírmihálydi', 15, 4363),
(1091, 'Nyírlugos', 15, 4371),
(1092, 'Nyírbéltek', 15, 4372),
(1093, 'Ömböly', 15, 4373),
(1094, 'Encsencs', 15, 4374),
(1095, 'Piricse', 15, 4375),
(1096, 'Nyírpilis', 15, 4376),
(1097, 'Nyíregyháza', 15, 4400),
(1098, 'Nyíregyháza-Borbánya', 15, 4405),
(1099, 'Nyíregyháza-Sóstófürdő', 15, 4431),
(1100, 'Nyíregyháza-Nyírszőlős', 15, 4432),
(1101, 'Nyíregyháza-Felsősima', 15, 4433),
(1102, 'Kálmánháza', 15, 4434),
(1103, 'Tiszavasvári', 15, 4440),
(1104, 'Szorgalmatos', 15, 4441),
(1105, 'Nagycserkesz', 15, 4445),
(1106, 'Tiszaeszlár-Bashalom', 15, 4446),
(1107, 'Tiszalök-Kisfástanya', 15, 4447),
(1108, 'Tiszalök', 15, 4450),
(1109, 'Tiszadada', 15, 4455),
(1110, 'Tiszadob', 15, 4456),
(1111, 'Nyírtelek', 15, 4461),
(1112, 'Tiszanagyfalu', 15, 4463),
(1113, 'Tiszaeszlár    ', 15, 4464),
(1114, 'Rakamaz', 15, 4465),
(1115, 'Timár', 15, 4466),
(1116, 'Szabolcs', 15, 4467),
(1117, 'Balsa', 15, 4468),
(1118, 'Gávavencsellő-Gáva', 15, 4471),
(1119, 'Gávavencsellő-Vencsellő', 15, 4472),
(1120, 'Tiszabercel', 15, 4474),
(1121, 'Paszab', 15, 4475),
(1122, 'Nyíregyháza-Sóstóhegy', 15, 4481),
(1123, 'Kótaj', 15, 4482),
(1124, 'Buj', 15, 4483),
(1125, 'Ibrány', 15, 4484),
(1126, 'Nagyhalász', 15, 4485),
(1127, 'Tiszatelek-Kétérköz', 15, 4486),
(1128, 'Tiszatelek', 15, 4487),
(1129, 'Beszterec', 15, 4488),
(1130, 'Újdombrád', 15, 4491),
(1131, 'Dombrád', 15, 4492),
(1132, 'Tiszakanyár', 15, 4493),
(1133, 'Kékcse', 15, 4494),
(1134, 'Döge', 15, 4495),
(1135, 'Szabolcsveresmart', 15, 4496),
(1136, 'Kemecse', 15, 4501),
(1137, 'Vasmegyer', 15, 4502),
(1138, 'Tiszarád', 15, 4503),
(1139, 'Nyírbogdány ', 15, 4511),
(1140, 'Kék', 15, 4515),
(1141, 'Demecser', 15, 4516),
(1142, 'Gégény', 15, 4517),
(1143, 'Berkesz ', 15, 4521),
(1144, 'Nyírtass', 15, 4522),
(1145, 'Pátroha', 15, 4523),
(1146, 'Ajak', 15, 4524),
(1147, 'Rétközberencs', 15, 4525),
(1148, 'Nyírpazony', 15, 4531),
(1149, 'Nyírtura', 15, 4532),
(1150, 'Sényő', 15, 4533),
(1151, 'Székely', 15, 4534),
(1152, 'Nyíribrony', 15, 4535),
(1153, 'Ramocsaháza', 15, 4536),
(1154, 'Nyírkércs', 15, 4537),
(1155, 'Nyírjákó', 15, 4541),
(1156, 'Petneháza', 15, 4542),
(1157, 'Laskod', 15, 4543),
(1158, 'Nyírkarász', 15, 4544),
(1159, 'Gyulaháza', 15, 4545),
(1160, 'Anarcs', 15, 4546),
(1161, 'Szabolcsbáka', 15, 4547),
(1162, 'Nyíregyháza-Oros', 15, 4551),
(1163, 'Napkor', 15, 4552),
(1164, 'Apagy', 15, 4553),
(1165, 'Nyírtét', 15, 4554),
(1166, 'Levelek', 15, 4555),
(1167, 'Magy', 15, 4556),
(1168, 'Besenyőd', 15, 4557),
(1169, 'Ófehértó', 15, 4558),
(1170, 'Baktalórántháza', 15, 4561),
(1171, 'Vaja', 15, 4562),
(1172, 'Rohod', 15, 4563),
(1173, 'Nyírmada', 15, 4564),
(1174, 'Pusztadobos', 15, 4565),
(1175, 'Ilk', 15, 4566),
(1176, 'Gemzse', 15, 4567),
(1177, 'Kisvárda', 15, 4600),
(1178, 'Jéke', 15, 4611),
(1179, 'Fényeslitke', 15, 4621),
(1180, 'Komoró', 15, 4622),
(1181, 'Tuzsér', 15, 4623),
(1182, 'Tiszabezdéd', 15, 4624),
(1183, 'Záhony', 15, 4625),
(1184, 'Győröcske', 15, 4625),
(1185, 'Zsurk', 15, 4627),
(1186, 'Tiszaszentmárton', 15, 4628),
(1187, 'Pap', 15, 4631),
(1188, 'Nyírlövő', 15, 4632),
(1189, 'Lövőpetri', 15, 4633),
(1190, 'Aranyosapáti', 15, 4634),
(1191, 'Újkenéz', 15, 4635),
(1192, 'Mezőladány', 15, 4641),
(1193, 'Tornyospálca', 15, 4642),
(1194, 'Benk', 15, 4643),
(1195, 'Mándok', 15, 4644),
(1196, 'Tiszamogyorós', 15, 4645),
(1197, 'Eperjeske', 15, 4646),
(1198, 'Mátészalka', 15, 4700),
(1199, 'Szamoskér', 15, 4721),
(1200, 'Nyírmeggyes', 15, 4722),
(1201, 'Tunyogmatolcs', 15, 4731),
(1202, 'Cégénydányád', 15, 4732),
(1203, 'Gyügye', 15, 4733),
(1204, 'Szamosújlak', 15, 4734),
(1205, 'Szamossályi', 15, 4735),
(1206, 'Hermánszeg', 15, 4735),
(1207, 'Kisnamény', 15, 4737),
(1208, 'Darnó', 15, 4737),
(1209, 'Jánkmajtis', 15, 4741),
(1210, 'Csegöld', 15, 4742),
(1211, 'Csengersima', 15, 4743),
(1212, 'Szamosbecs', 15, 4745),
(1213, 'Szamostatárfalva', 15, 4746),
(1214, 'Kocsord', 15, 4751),
(1215, 'Győrtelek', 15, 4752),
(1216, 'Géberjén', 15, 4754),
(1217, 'Fülpösdaróc', 15, 4754),
(1218, 'Ököritófülpös', 15, 4755),
(1219, 'Rápolt', 15, 4756),
(1220, 'Porcsalma', 15, 4761),
(1221, 'Tyukod', 15, 4762),
(1222, 'Ura', 15, 4763),
(1223, 'Csengerújfalu', 15, 4764),
(1224, 'Csenger', 15, 4765),
(1225, 'Komlódtótfalu', 15, 4765),
(1226, 'Pátyod', 15, 4766),
(1227, 'Szamosangyalos', 15, 4767),
(1228, 'Vásárosnamény', 15, 4800),
(1229, 'Vásárosnamény-Gergelyiugornya', 15, 4803),
(1230, 'Vásárosnamény-Vitka', 15, 4804),
(1231, 'Kisvarsány', 15, 4811),
(1232, 'Nagyvarsány', 15, 4812),
(1233, 'Gyüre ', 15, 4813),
(1234, 'Ópályi', 15, 4821),
(1235, 'Nyírparasznya', 15, 4822),
(1236, 'Nagydobos', 15, 4823),
(1237, 'Szamosszeg', 15, 4824),
(1238, 'Olcsva', 15, 4826),
(1239, 'Tiszaszalka', 15, 4831),
(1240, 'Tiszavid', 15, 4832),
(1241, 'Tiszaadony', 15, 4833),
(1242, 'Tiszakerecseny', 15, 4834),
(1243, 'Mátyus', 15, 4835),
(1244, 'Lónya', 15, 4836),
(1245, 'Jánd', 15, 4841),
(1246, 'Gulács', 15, 4842),
(1247, 'Hetefejércse', 15, 4843),
(1248, 'Csaroda', 15, 4844),
(1249, 'Tákos', 15, 4845),
(1250, 'Fehérgyarmat', 15, 4900),
(1251, 'Nábrád', 15, 4911),
(1252, 'Kérsemjén', 15, 4912),
(1253, 'Panyola', 15, 4913),
(1254, 'Olcsvaapáti', 15, 4914),
(1255, 'Kisar', 15, 4921),
(1256, 'Tivadar', 15, 4921),
(1257, 'Nagyar', 15, 4922),
(1258, 'Tarpa', 15, 4931),
(1259, 'Márokpapi', 15, 4932),
(1260, 'Beregsurány', 15, 4933),
(1261, 'Beregdaróc', 15, 4934),
(1262, 'Gelénes', 15, 4935),
(1263, 'Vámosatya', 15, 4936),
(1264, 'Barabás', 15, 4937),
(1265, 'Penyige', 15, 4941),
(1266, 'Mánd', 15, 4942),
(1267, 'Nemesborzova', 15, 4942),
(1268, 'Kömörő', 15, 4943),
(1269, 'Túristvándi', 15, 4944),
(1270, 'Szatmárcseke', 15, 4945),
(1271, 'Tiszakóród', 15, 4946),
(1272, 'Tiszacsécse', 15, 4947),
(1273, 'Milota', 15, 4948),
(1274, 'Tiszabecs', 15, 4951),
(1275, 'Uszka', 15, 4952),
(1276, 'Magosliget', 15, 4953),
(1277, 'Sonkád', 15, 4954),
(1278, 'Botpalád', 15, 4955),
(1279, 'Kispalád', 15, 4956),
(1280, 'Zsarolyán', 15, 4961),
(1281, 'Nagyszekeres', 15, 4962),
(1282, 'Kisszekeres', 15, 4963),
(1283, 'Fülesd', 15, 4964),
(1284, 'Kölcse', 15, 4965),
(1285, 'Vámosoroszi', 15, 4966),
(1286, 'Csaholc', 15, 4967),
(1287, 'Túrricse', 15, 4968),
(1288, 'Tisztaberek', 15, 4969),
(1289, 'Rozsály', 15, 4971),
(1290, 'Gacsály', 15, 4972),
(1291, 'Császló', 15, 4973),
(1292, 'Zajta', 15, 4974),
(1293, 'Méhtelek', 15, 4975),
(1294, 'Garbolc', 15, 4976),
(1295, 'Nagyhódos', 15, 4977),
(1296, 'Kishódos', 15, 4977),
(1297, 'Szolnok', 10, 5000),
(1298, 'Szolnok-Szandaszőlős', 10, 5008),
(1299, 'Zagyvarékas', 10, 5051),
(1300, 'Újszász', 10, 5052),
(1301, 'Szászberek', 10, 5053),
(1302, 'Jászalsószentgyörgy', 10, 5054),
(1303, 'Jászladány', 10, 5055),
(1304, 'Tiszasüly', 10, 5061),
(1305, 'Kőtelek', 10, 5062),
(1306, 'Hunyadfalva', 10, 5063),
(1307, 'Csataszög', 10, 5064),
(1308, 'Nagykörű', 10, 5065),
(1309, 'Besenyszög', 10, 5071),
(1310, 'Szajol', 10, 5081),
(1311, 'Tiszatenyő', 10, 5082),
(1312, 'Kengyel', 10, 5083),
(1313, 'Rákócziújfalu', 10, 5084),
(1314, 'Rákóczifalva', 10, 5085),
(1315, 'Tószeg', 10, 5091),
(1316, 'Tiszavárkony', 10, 5092),
(1317, 'Vezseny', 10, 5093),
(1318, 'Tiszajenő', 10, 5094),
(1319, 'Tiszavárkony-Tiszavárkonyi Szőlők', 10, 5095),
(1320, 'Jászberény', 10, 5100),
(1321, 'Jászfelsőszentgyörgy', 10, 5111),
(1322, 'Jászjákóhalma', 10, 5121),
(1323, 'Jászdózsa', 10, 5122),
(1324, 'Jászárokszállás', 10, 5123),
(1325, 'Jászágó', 10, 5124),
(1326, 'Pusztamonostor', 10, 5125),
(1327, 'Jászfényszaru', 10, 5126),
(1328, 'Jászapáti', 10, 5130),
(1329, 'Jászivány', 10, 5135),
(1330, 'Jászszentandrás', 10, 5136),
(1331, 'Jászkisér', 10, 5137),
(1332, 'Jásztelek', 10, 5141),
(1333, 'Alattyán', 10, 5142),
(1334, 'Jánoshida', 10, 5143),
(1335, 'Jászboldogháza', 10, 5144),
(1336, 'Jászberény-Portelek', 10, 5152),
(1337, 'Törökszentmiklós', 10, 5200),
(1338, 'Tiszapüspöki', 10, 5211),
(1339, 'Törökszentmiklós-Surjány', 10, 5212),
(1340, 'Fegyvernek-Szapárfalu', 10, 5213),
(1341, 'Örményes', 10, 5222),
(1342, 'Fegyvernek', 10, 5231),
(1343, 'Tiszabő', 10, 5232),
(1344, 'Tiszagyenda', 10, 5233),
(1345, 'Tiszaroff', 10, 5234),
(1346, 'Tiszabura', 10, 5235),
(1347, 'Abádszalók', 10, 5241),
(1348, 'Tiszaderzs', 10, 5243),
(1349, 'Tiszaszőlős', 10, 5244),
(1350, 'Karcag', 10, 5300),
(1351, 'Berekfürdő', 10, 5309),
(1352, 'Kisújszállás', 10, 5310),
(1353, 'Kunmadaras', 10, 5321),
(1354, 'Tiszaszentimre', 10, 5322),
(1355, 'Tiszaszentimre-Újszentgyörgy', 10, 5323),
(1356, 'Tomajmonostora', 10, 5324),
(1357, 'Kenderes', 10, 5331),
(1358, 'Kunhegyes', 10, 5340),
(1359, 'Kenderes-Bánhalma', 10, 5349),
(1360, 'Tiszafüred', 10, 5350),
(1361, 'Tiszafüred-Tiszaörvény', 10, 5358),
(1362, 'Tiszafüred-Kócsújfalu', 10, 5359),
(1363, 'Tiszaigar', 10, 5361),
(1364, 'Tiszaörs', 10, 5362),
(1365, 'Nagyiván', 10, 5363),
(1366, 'Mezőtúr', 10, 5400),
(1367, 'Kétpó', 10, 5411),
(1368, 'Kuncsorba', 10, 5412),
(1369, 'Túrkeve', 10, 5420),
(1370, 'Tiszaföldvár', 10, 5430),
(1371, 'Martfű', 10, 5435),
(1372, 'Kunszentmárton', 10, 5440),
(1373, 'Kunszentmárton-Kungyalu', 10, 5449),
(1374, 'Öcsöd', 10, 5451),
(1375, 'Mesterszállás', 10, 5452),
(1376, 'Mezőhék', 10, 5453),
(1377, 'Tiszaföldvár-Homok', 10, 5461),
(1378, 'Cibakháza', 10, 5462),
(1379, 'Nagyrév', 10, 5463),
(1380, 'Tiszainoka', 10, 5464),
(1381, 'Cserkeszőlő', 10, 5465),
(1382, 'Tiszakürt', 10, 5471),
(1383, 'Tiszasas', 10, 5474),
(1384, 'Csépa', 10, 5475),
(1385, 'Szelevény', 10, 5476),
(1386, 'Gyomaendrőd-Gyoma', 3, 5500),
(1387, 'Gyomaendrőd-Endrőd', 3, 5502),
(1388, 'Dévaványa', 3, 5510),
(1389, 'Ecsegfalva', 3, 5515),
(1390, 'Körösladány', 3, 5516),
(1391, 'Szeghalom', 3, 5520),
(1392, 'Füzesgyarmat', 3, 5525),
(1393, 'Kertészsziget', 3, 5526),
(1394, 'Bucsa', 3, 5527),
(1395, 'Vésztő', 3, 5530),
(1396, 'Okány', 3, 5534),
(1397, 'Körösújfalu', 3, 5536),
(1398, 'Zsadány', 3, 5537),
(1399, 'Biharugra', 3, 5538),
(1400, 'Körösnagyharsány', 3, 5539),
(1401, 'Szarvas', 3, 5540),
(1402, 'Csabacsűd', 3, 5551),
(1403, 'Kardos', 3, 5552),
(1404, 'Kondoros', 3, 5553),
(1405, 'Hunya', 3, 5555),
(1406, 'Örménykút', 3, 5556),
(1407, 'Békésszentandrás', 3, 5561),
(1408, 'Békéscsaba', 3, 5600),
(1409, 'Csabaszabadi ', 3, 5609),
(1410, 'Csárdaszállás', 3, 5621),
(1411, 'Köröstarcsa', 3, 5622),
(1412, 'Békéscsaba-Gerla', 3, 5623),
(1413, 'Doboz', 3, 5624),
(1414, 'Békés', 3, 5630),
(1415, 'Tarhos', 3, 5641),
(1416, 'Bélmegyer', 3, 5643),
(1417, 'Mezőberény', 3, 5650),
(1418, 'Újkígyós', 3, 5661),
(1419, 'Csanádapáca', 3, 5662),
(1420, 'Medgyesbodzás', 3, 5663),
(1421, 'Medgyesbodzás-Gábortelep', 3, 5664),
(1422, 'Pusztaottlaka', 3, 5665),
(1423, 'Medgyesegyháza  ', 3, 5666),
(1424, 'Magyarbánhegyes', 3, 5667),
(1425, 'Nagybánhegyes', 3, 5668),
(1426, 'Békéscsaba-Mezőmegyer', 3, 5671),
(1427, 'Murony', 3, 5672),
(1428, 'Kamut', 3, 5673),
(1429, 'Kétsoprony', 3, 5674),
(1430, 'Telekgerendás', 3, 5675),
(1431, 'Gyula', 3, 5700),
(1432, 'Gyula-Gyulavári', 3, 5711),
(1433, 'Szabadkígyós', 3, 5712),
(1434, 'Sarkad', 3, 5720),
(1435, 'Kötegyán', 3, 5725),
(1436, 'Méhkerék', 3, 5726),
(1437, 'Újszalonta', 3, 5727),
(1438, 'Sarkadkeresztúr', 3, 5731),
(1439, 'Mezőgyán', 3, 5732),
(1440, 'Geszt', 3, 5734),
(1441, 'Kétegyháza', 3, 5741),
(1442, 'Elek', 3, 5742),
(1443, 'Lőkösháza', 3, 5743),
(1444, 'Kevermes', 3, 5744),
(1445, 'Dombiratos', 3, 5745),
(1446, 'Kunágota', 3, 5746),
(1447, 'Almáskamarás', 3, 5747),
(1448, 'Nagykamarás', 3, 5751),
(1449, 'Medgyesegyháza-Bánkut', 3, 5752),
(1450, 'Mezőkovácsháza', 3, 5800),
(1451, 'Végegyháza', 3, 5811),
(1452, 'Mezőhegyes', 3, 5820),
(1453, 'Battonya', 3, 5830),
(1454, 'Dombegyház', 3, 5836),
(1455, 'Kisdombegyház', 3, 5837),
(1456, 'Magyardombegyház', 3, 5838),
(1457, 'Orosháza', 3, 5900),
(1458, 'Orosháza-Rákóczitelep', 3, 5903),
(1459, 'Orosháza-Gyopárosfürdő', 3, 5904),
(1460, 'Orosháza-Szentetornya', 3, 5905),
(1461, 'Pusztaföldvár', 3, 5919),
(1462, 'Csorvás', 3, 5920),
(1463, 'Gerendás', 3, 5925),
(1464, 'Nagyszénás', 3, 5931),
(1465, 'Gádoros', 3, 5932),
(1466, 'Tótkomlós', 3, 5940),
(1467, 'Kardoskút', 3, 5945),
(1468, 'Békéssámson', 3, 5946),
(1469, 'Kaszaper', 3, 5948),
(1470, 'Kecskemét', 1, 6000),
(1471, 'Kecskemét-Méntelek', 1, 6008),
(1472, 'Szentkirály', 1, 6031),
(1473, 'Nyárlőrinc', 1, 6032),
(1474, 'Városföld', 1, 6033),
(1475, 'Helvécia', 1, 6034),
(1476, 'Ballószög', 1, 6035),
(1477, 'Kerekegyháza', 1, 6041),
(1478, 'Fülöpháza', 1, 6042),
(1479, 'Kunbaracs', 1, 6043),
(1480, 'Kecskemét-Hetényegyháza', 1, 6044),
(1481, 'Ladánybene', 1, 6045),
(1482, 'Lajosmizse', 1, 6050),
(1483, 'Felsőlajos ', 1, 6055),
(1484, 'Tiszakécske', 1, 6060),
(1485, 'Tiszakécske-Tiszabög', 1, 6062),
(1486, 'Tiszaug', 1, 6064),
(1487, 'Lakitelek', 1, 6065),
(1488, 'Tiszaalpár-Alpár', 1, 6066),
(1489, 'Tiszaalpár-Tiszaújfalu', 1, 6067),
(1490, 'Izsák', 1, 6070),
(1491, 'Páhi', 1, 6075),
(1492, 'Ágasegyháza', 1, 6076),
(1493, 'Orgovány', 1, 6077),
(1494, 'Jakabszállás', 1, 6078),
(1495, 'Szabadszállás', 1, 6080),
(1496, 'Fülöpszállás', 1, 6085),
(1497, 'Szalkszentmárton', 1, 6086),
(1498, 'Dunavecse', 1, 6087),
(1499, 'Apostag', 1, 6088),
(1500, 'Kunszentmiklós ', 1, 6090),
(1501, 'Kunpeszér', 1, 6096),
(1502, 'Kunadacs', 1, 6097),
(1503, 'Tass', 1, 6098),
(1504, 'Kiskunfélegyháza', 1, 6100),
(1505, 'Gátér', 1, 6111),
(1506, 'Pálmonostora', 1, 6112),
(1507, 'Petőfiszállás', 1, 6113),
(1508, 'Bugac', 1, 6114),
(1509, 'Bugacpusztaháza', 1, 6114),
(1510, 'Kunszállás', 1, 6115),
(1511, 'Fülöpjakab ', 1, 6116),
(1512, 'Kiskunmajsa', 1, 6120),
(1513, 'Szank', 1, 6131),
(1514, 'Móricgát ', 1, 6132),
(1515, 'Jászszentlászló', 1, 6133),
(1516, 'Kömpöc', 1, 6134),
(1517, 'Csólyospálos', 1, 6135),
(1518, 'Harkakötöny', 1, 6136),
(1519, 'Kiskőrös', 1, 6200),
(1520, 'Kaskantyú', 1, 6211),
(1521, 'Akasztó', 1, 6221),
(1522, 'Csengőd', 1, 6222),
(1523, 'Soltszentimre', 1, 6223),
(1524, 'Tabdi', 1, 6224),
(1525, 'Soltvadkert', 1, 6230),
(1526, 'Bócsa', 1, 6235),
(1527, 'Tázlár', 1, 6236),
(1528, 'Kecel', 1, 6237),
(1529, 'Imrehegy', 1, 6238),
(1530, 'Császártöltés', 1, 6239),
(1531, 'Kalocsa', 1, 6300),
(1532, 'Öregcsertő', 1, 6311),
(1533, 'Solt', 1, 6320),
(1534, 'Újsolt', 1, 6321),
(1535, 'Dunaegyháza', 1, 6323),
(1536, 'Dunatetétlen', 1, 6325),
(1537, 'Harta ', 1, 6326),
(1538, 'Harta-Állampuszta', 1, 6327),
(1539, 'Dunapataj', 1, 6328),
(1540, 'Foktő', 1, 6331),
(1541, 'Uszód', 1, 6332),
(1542, 'Dunaszentbenedek', 1, 6333),
(1543, 'Géderlak', 1, 6334),
(1544, 'Ordas', 1, 6335),
(1545, 'Szakmár', 1, 6336),
(1546, 'Újtelek', 1, 6337),
(1547, 'Homokmégy', 1, 6341),
(1548, 'Drágszél', 1, 6342),
(1549, 'Miske', 1, 6343),
(1550, 'Hajós', 1, 6344),
(1551, 'Nemesnádudvar', 1, 6345),
(1552, 'Sükösd', 1, 6346),
(1553, 'Érsekcsanád', 1, 6347),
(1554, 'Érsekhalma', 1, 6348),
(1555, 'Bátya', 1, 6351),
(1556, 'Fajsz', 1, 6352),
(1557, 'Dusnok', 1, 6353),
(1558, 'Kiskunhalas', 1, 6400),
(1559, 'Zsana', 1, 6411),
(1560, 'Balotaszállás', 1, 6412),
(1561, 'Kunfehértó', 1, 6413),
(1562, 'Pirtó', 1, 6414),
(1563, 'Kisszállás', 1, 6421),
(1564, 'Tompa', 1, 6422),
(1565, 'Kelebia', 1, 6423),
(1566, 'Csikéria', 1, 6424),
(1567, 'Bácsszőlős', 1, 6425),
(1568, 'Bácsalmás', 1, 6430),
(1569, 'Kunbaja', 1, 6435),
(1570, 'Jánoshalma', 1, 6440),
(1571, 'Kéleshalom ', 1, 6444),
(1572, 'Borota', 1, 6445),
(1573, 'Rém', 1, 6446),
(1574, 'Felsőszentiván', 1, 6447),
(1575, 'Csávoly', 1, 6448),
(1576, 'Mélykút', 1, 6449),
(1577, 'Tataháza', 1, 6451),
(1578, 'Mátételke', 1, 6452),
(1579, 'Bácsbokod', 1, 6453),
(1580, 'Bácsborsód', 1, 6454),
(1581, 'Katymár', 1, 6455),
(1582, 'Madaras', 1, 6456),
(1583, 'Baja', 1, 6500),
(1584, 'Baja-Bajaszentistván', 1, 6503),
(1585, 'Bácsszentgyörgy', 1, 6511),
(1586, 'Szeremle', 1, 6512),
(1587, 'Dunafalva', 1, 6513),
(1588, 'Vaskút', 1, 6521),
(1589, 'Gara', 1, 6522),
(1590, 'Csátalja', 1, 6523),
(1591, 'Dávod', 1, 6524),
(1592, 'Hercegszántó', 1, 6525),
(1593, 'Nagybaracska', 1, 6527),
(1594, 'Bátmonostor', 1, 6528),
(1595, 'Szentes', NULL, 6600),
(1596, 'Nagytőke', NULL, 6612),
(1597, 'Derekegyház', NULL, 6621),
(1598, 'Nagymágocs', NULL, 6622),
(1599, 'Árpádhalom', NULL, 6623),
(1600, 'Eperjes', NULL, 6624),
(1601, 'Fábiánsebestyén', NULL, 6625),
(1602, 'Mindszent', NULL, 6630),
(1603, 'Szegvár', NULL, 6635),
(1604, 'Mártély', NULL, 6636),
(1605, 'Csongrád', NULL, 6640),
(1606, 'Felgyő', NULL, 6645),
(1607, 'Tömörkény', NULL, 6646),
(1608, 'Csanytelek', NULL, 6647),
(1609, 'Csongrád-Bokros', NULL, 6648),
(1610, 'Szeged', NULL, 6700),
(1611, 'Algyő', NULL, 6750),
(1612, 'Újszentiván', NULL, 6754),
(1613, 'Kübekháza', NULL, 6755),
(1614, 'Tiszasziget', NULL, 6756),
(1615, 'Röszke', NULL, 6758),
(1616, 'Kistelek', NULL, 6760),
(1617, 'Sándorfalva', NULL, 6762),
(1618, 'Szatymaz', NULL, 6763),
(1619, 'Balástya', NULL, 6764),
(1620, 'Csengele', NULL, 6765),
(1621, 'Dóc', NULL, 6766),
(1622, 'Ópusztaszer', NULL, 6767),
(1623, 'Baks', NULL, 6768),
(1624, 'Pusztaszer', NULL, 6769),
(1625, 'Deszk', NULL, 6772),
(1626, 'Klárafalva', NULL, 6773),
(1627, 'Ferencszállás', NULL, 6774),
(1628, 'Kiszombor', NULL, 6775),
(1629, 'Domaszék', NULL, 6781),
(1630, 'Mórahalom', NULL, 6782),
(1631, 'Ásotthalom', NULL, 6783),
(1632, 'Öttömös', NULL, 6784),
(1633, 'Pusztamérges', NULL, 6785),
(1634, 'Ruzsa', NULL, 6786),
(1635, 'Zákányszék', NULL, 6787),
(1636, 'Zsombó', NULL, 6792),
(1637, 'Forráskút', NULL, 6793),
(1638, 'Üllés', NULL, 6794),
(1639, 'Bordány', NULL, 6795),
(1640, 'Hódmezővásárhely', NULL, 6800),
(1641, 'Hódmezővásárhely-Kútvölgy', NULL, 6805),
(1642, 'Hódmezővásárhely-Szikáncs', NULL, 6806),
(1643, 'Székkutas', NULL, 6821),
(1644, 'Makó', NULL, 6900),
(1645, 'Makó-Rákos', NULL, 6903),
(1646, 'Királyhegyes', NULL, 6911),
(1647, 'Kövegy', NULL, 6912),
(1648, 'Csanádpalota', NULL, 6913),
(1649, 'Pitvaros', NULL, 6914),
(1650, 'Csanádalberti', NULL, 6915),
(1651, 'Ambrózfalva', NULL, 6916),
(1652, 'Nagyér', NULL, 6917),
(1653, 'Maroslele', NULL, 6921),
(1654, 'Földeák', NULL, 6922),
(1655, 'Óföldeák', NULL, 6923),
(1656, 'Apátfalva', NULL, 6931),
(1657, 'Magyarcsanád', NULL, 6932),
(1658, 'Nagylak', NULL, 6933),
(1659, 'Sárbogárd', NULL, 7000),
(1660, 'Sárbogárd-Sárszentmiklós', NULL, 7003),
(1661, 'Alap', NULL, 7011),
(1662, 'Alsószentiván', NULL, 7012),
(1663, 'Cece', NULL, 7013),
(1664, 'Sáregres', NULL, 7014),
(1665, 'Igar', NULL, 7015),
(1666, 'Igar-Vámszőlőhegy', NULL, 7016),
(1667, 'Mezőszilas', NULL, 7017),
(1668, 'Sárbogárd-Pusztaegres', NULL, 7018),
(1669, 'Sárbogárd-Sárhatvan', NULL, 7019),
(1670, 'Dunaföldvár', 16, 7020),
(1671, 'Bölcske', 16, 7025),
(1672, 'Madocsa', 16, 7026),
(1673, 'Paks-Dunakömlőd', 16, 7027),
(1674, 'Paks', 16, 7030),
(1675, 'Pusztahencse', 16, 7038),
(1676, 'Németkér', 16, 7039),
(1677, 'Vajta', 16, 7041),
(1678, 'Pálfa', 16, 7042),
(1679, 'Bikács', 16, 7043),
(1680, 'Nagydorog', 16, 7044),
(1681, 'Györköny', 16, 7045),
(1682, 'Sárszentlőrinc', 16, 7047),
(1683, 'Kajdacs', 16, 7051),
(1684, 'Kölesd', 16, 7052),
(1685, 'Tengelic', 16, 7054),
(1686, 'Szedres', 16, 7056),
(1687, 'Medina', 16, 7057),
(1688, 'Belecska', 16, 7061),
(1689, 'Keszőhidegkút', 16, 7062),
(1690, 'Szárazd', 16, 7063),
(1691, 'Gyönk', 16, 7064),
(1692, 'Miszla', 16, 7065),
(1693, 'Udvari', 16, 7066),
(1694, 'Varsád', 16, 7067),
(1695, 'Kistormás', 16, 7068),
(1696, 'Szakadát', 16, 7071),
(1697, 'Diósberény', 16, 7072),
(1698, 'Simontornya', 16, 7081),
(1699, 'Kisszékely', 16, 7082),
(1700, 'Tolnanémedi', 16, 7083),
(1701, 'Pincehely', 16, 7084),
(1702, 'Nagyszékely', 16, 7085),
(1703, 'Ozora', 16, 7086),
(1704, 'Fürged', 16, 7087),
(1705, 'Tamási', 16, 7090),
(1706, 'Pári', 16, 7091),
(1707, 'Nagykónyi', 16, 7092),
(1708, 'Értény', 16, 7093),
(1709, 'Koppányszántó', 16, 7094),
(1710, 'Iregszemcse', 16, 7095),
(1711, 'Újireg', 16, 7095),
(1712, 'Nagyszokoly', 16, 7097),
(1713, 'Magyarkeszi', 16, 7098),
(1714, 'Felsőnyék', 16, 7099),
(1715, 'Szekszárd', 16, 7100),
(1716, 'Szálka', 16, 7121),
(1717, 'Kakasd', 16, 7122),
(1718, 'Tolna', 16, 7130),
(1719, 'Tolna-Mözs', 16, 7131),
(1720, 'Bogyiszló', 16, 7132),
(1721, 'Fadd', 16, 7133),
(1722, 'Gerjen', 16, 7134),
(1723, 'Dunaszentgyörgy', 16, 7135),
(1724, 'Fácánkert', 16, 7136),
(1725, 'Bátaszék', 16, 7140),
(1726, 'Pörböly', 16, 7142),
(1727, 'Őcsény', 16, 7143),
(1728, 'Decs', 16, 7144),
(1729, 'Sárpilis', 16, 7145),
(1730, 'Várdomb', 16, 7146),
(1731, 'Alsónána', 16, 7147),
(1732, 'Alsónyék', 16, 7148),
(1733, 'Báta', 16, 7149),
(1734, 'Bonyhád', 16, 7150),
(1735, 'Bonyhádvarasd', 16, 7158),
(1736, 'Kisdorog', 16, 7159),
(1737, 'Cikó', 16, 7161),
(1738, 'Grábóc', 16, 7162),
(1739, 'Mőcsény', 16, 7163),
(1740, 'Bátaapáti', 16, 7164),
(1741, 'Mórágy', 16, 7165),
(1742, 'Sióagárd', 16, 7171),
(1743, 'Harc', 16, 7172),
(1744, 'Zomba', 16, 7173),
(1745, 'Kéty', 16, 7174),
(1746, 'Felsőnána', 16, 7175),
(1747, 'Murga', 16, 7176),
(1748, 'Tevel', 16, 7181),
(1749, 'Závod', 16, 7182),
(1750, 'Kisvejke', 16, 7183),
(1751, 'Lengyel', 16, 7184),
(1752, 'Mucsfa', 16, 7185),
(1753, 'Aparhant', 16, 7186),
(1754, 'Nagyvejke', 16, 7186),
(1755, 'Bonyhád-Majos', 16, 7187),
(1756, 'Szárász', 16, 7188),
(1757, 'Hőgyész', 16, 7191),
(1758, 'Szakály', 16, 7192),
(1759, 'Regöly', 16, 7193),
(1760, 'Kalaznó', 16, 7194),
(1761, 'Mucsi', 16, 7195),
(1762, 'Dombóvár', 16, 7200),
(1763, 'Dalmand', 16, 7211),
(1764, 'Kocsola', 16, 7212),
(1765, 'Szakcs', 16, 7213),
(1766, 'Lápafő', 16, 7214),
(1767, 'Várong', 16, 7214),
(1768, 'Nak', 16, 7215);
INSERT INTO `telepulesek` (`telepules_id`, `telepules_nev`, `megye_id`, `iranyitoszam`) VALUES
(1769, 'Dúzs', 16, 7224),
(1770, 'Csibrák', 16, 7225),
(1771, 'Kurd', 16, 7226),
(1772, 'Gyulaj', 16, 7227),
(1773, 'Döbrököz', 16, 7228),
(1774, 'Kapospula', NULL, 7251),
(1775, 'Attala', NULL, 7252),
(1776, 'Csoma', NULL, 7253),
(1777, 'Szabadi', NULL, 7253),
(1778, 'Nagyberki', NULL, 7255),
(1779, 'Kercseliget', NULL, 7256),
(1780, 'Mosdós', NULL, 7257),
(1781, 'Baté', NULL, 7258),
(1782, 'Kaposkeresztúr', NULL, 7258),
(1783, 'Taszár', NULL, 7261),
(1784, 'Kaposhomok', NULL, 7261),
(1785, 'Fonó', NULL, 7271),
(1786, 'Gölle', NULL, 7272),
(1787, 'Büssü', NULL, 7273),
(1788, 'Kazsok', NULL, 7274),
(1789, 'Igal', NULL, 7275),
(1790, 'Somogyszil', NULL, 7276),
(1791, 'Gadács', NULL, 7276),
(1792, 'Kisgyalán', NULL, 7279),
(1793, 'Bonnya', NULL, 7281),
(1794, 'Kisbárapáti', NULL, 7282),
(1795, 'Fiad', NULL, 7282),
(1796, 'Somogyacsa', NULL, 7283),
(1797, 'Somogydöröcske', NULL, 7284),
(1798, 'Törökkoppány', NULL, 7285),
(1799, 'Kára', NULL, 7285),
(1800, 'Szorosad', NULL, 7285),
(1801, 'Komló', 2, 7300),
(1802, 'Mánfa ', 2, 7304),
(1803, 'Mecsekpölöske', 2, 7305),
(1804, 'Liget', 2, 7331),
(1805, 'Magyaregregy', 2, 7332),
(1806, 'Kárász', 2, 7333),
(1807, 'Vékény', 2, 7333),
(1808, 'Szalatnak', 2, 7334),
(1809, 'Köblény', 2, 7334),
(1810, 'Csikóstőttős', 2, 7341),
(1811, 'Mágocs', 2, 7342),
(1812, 'Nagyhajmás', 2, 7343),
(1813, 'Mekényes', 2, 7344),
(1814, 'Alsómocsolád', 2, 7345),
(1815, 'Bikal', 2, 7346),
(1816, 'Egyházaskozár', 2, 7347),
(1817, 'Hegyhátmaróc', 2, 7348),
(1818, 'Tófű', 2, 7348),
(1819, 'Szászvár', 2, 7349),
(1820, 'Máza', 2, 7351),
(1821, 'Györe', 2, 7352),
(1822, 'Izmény', 2, 7353),
(1823, 'Váralja', 2, 7354),
(1824, 'Nagymányok', 2, 7355),
(1825, 'Kismányok', 2, 7356),
(1826, 'Jágónak', 2, 7357),
(1827, 'Kaposszekcső', 2, 7361),
(1828, 'Vásárosdombó', 2, 7362),
(1829, 'Gerényes', 2, 7362),
(1830, 'Tarrós', 2, 7362),
(1831, 'Sásd', 2, 7370),
(1832, 'Felsőegerszeg', 2, 7370),
(1833, 'Meződ', 2, 7370),
(1834, 'Oroszló', 2, 7370),
(1835, 'Palé', 2, 7370),
(1836, 'Varga', 2, 7370),
(1837, 'Vázsnok', 2, 7370),
(1838, 'Kisvaszar', 2, 7381),
(1839, 'Ág', 2, 7381),
(1840, 'Tékes', 2, 7381),
(1841, 'Tormás', 2, 7383),
(1842, 'Baranyaszentgyörgy', 2, 7383),
(1843, 'Szágy', 2, 7383),
(1844, 'Baranyajenő', 2, 7384),
(1845, 'Gödre-Gödreszentmárton', 2, 7385),
(1846, 'Gödre-Gödrekeresztúr', 2, 7386),
(1847, 'Mindszentgodisa', 2, 7391),
(1848, 'Kisbeszterce', 2, 7391),
(1849, 'Kishajmás', 2, 7391),
(1850, 'Bakóca', 2, 7393),
(1851, 'Magyarhertelend', 2, 7394),
(1852, 'Bodolyabér', 2, 7394),
(1853, 'Magyarszék', 2, 7396),
(1854, 'Kaposvár', 14, 7400),
(1855, 'Zselickislak', 14, 7400),
(1856, 'Juta', 14, 7431),
(1857, 'Hetes', 14, 7432),
(1858, 'Csombárd', 14, 7432),
(1859, 'Mezőcsokonya', 14, 7434),
(1860, 'Somogysárd', 14, 7435),
(1861, 'Újvárfalva', 14, 7436),
(1862, 'Bodrog', 14, 7439),
(1863, 'Magyaregres', 14, 7441),
(1864, 'Várda', 14, 7442),
(1865, 'Somogyjád', 14, 7443),
(1866, 'Alsóbogát', 14, 7443),
(1867, 'Edde', 14, 7443),
(1868, 'Osztopán', 14, 7444),
(1869, 'Somogyaszaló', 14, 7452),
(1870, 'Kaposvár-Kaposfüred', 14, 7451),
(1871, 'Mernye', 14, 7453),
(1872, 'Somodor', 14, 7454),
(1873, 'Somogygeszti', 14, 7455),
(1874, 'Felsőmocsolád', 14, 7456),
(1875, 'Ecseny', 14, 7457),
(1876, 'Polány', 14, 7458),
(1877, 'Orci', 14, 7461),
(1878, 'Magyaratád', 14, 7463),
(1879, 'Patalom', 14, 7463),
(1880, 'Ráksi', 14, 7464),
(1881, 'Szentgáloskér', 14, 7465),
(1882, 'Zimány', 14, 7471),
(1883, 'Szentbalázs', 14, 7472),
(1884, 'Cserénfa', 14, 7472),
(1885, 'Gálosfa', 14, 7473),
(1886, 'Hajmás', 14, 7473),
(1887, 'Kaposgyarmat', 14, 7473),
(1888, 'Simonfa', 14, 7474),
(1889, 'Zselicszentpál', 14, 7474),
(1890, 'Bőszénfa', 14, 7475),
(1891, 'Kaposszerdahely', 14, 7476),
(1892, 'Szenna', 14, 7477),
(1893, 'Patca', 14, 7477),
(1894, 'Szilvásszentmárton', 14, 7477),
(1895, 'Zselickisfalud', 14, 7477),
(1896, 'Bárdudvarnok', 14, 7478),
(1897, 'Sántos', 14, 7479),
(1898, 'Nagyatád', 14, 7500),
(1899, 'Ötvöskónyi', 14, 7511),
(1900, 'Mike', 14, 7512),
(1901, 'Rinyaszentkirály', 14, 7513),
(1902, 'Tarany', 14, 7514),
(1903, 'Somogyudvarhely', 14, 7515),
(1904, 'Berzence', 14, 7516),
(1905, 'Bolhás', 14, 7517),
(1906, 'Kaposmérő', 14, 7521),
(1907, 'Kaposújlak', 14, 7522),
(1908, 'Kaposfő', 14, 7523),
(1909, 'Kisasszond', 14, 7523),
(1910, 'Kiskorpád', 14, 7524),
(1911, 'Jákó', 14, 7525),
(1912, 'Csököly', 14, 7526),
(1913, 'Gige', 14, 7527),
(1914, 'Rinyakovácsi', 14, 7527),
(1915, 'Kadarkút', 14, 7530),
(1916, 'Kőkút', 14, 7530),
(1917, 'Hencse', 14, 7532),
(1918, 'Hedrehely', 14, 7533),
(1919, 'Visnye', 14, 7533),
(1920, 'Lad', 14, 7535),
(1921, 'Patosfa', 14, 7536),
(1922, 'Homokszentgyörgy', 14, 7537),
(1923, 'Kálmáncsa', 14, 7538),
(1924, 'Szulok', 14, 7539),
(1925, 'Kutas', 14, 7541),
(1926, 'Kisbajom', 14, 7542),
(1927, 'Beleg', 14, 7543),
(1928, 'Szabás', 14, 7544),
(1929, 'Nagykorpád', 14, 7545),
(1930, 'Lábod', 14, 7551),
(1931, 'Rinyabesenyő', 14, 7552),
(1932, 'Görgeteg', 14, 7553),
(1933, 'Csokonyavisonta', 14, 7555),
(1934, 'Rinyaújlak', 14, 7556),
(1935, 'Barcs-Somogytarnóca', 14, 7557),
(1936, 'Nagybajom', 14, 7561),
(1937, 'Pálmajor', 14, 7561),
(1938, 'Segesd', 14, 7562),
(1939, 'Somogyszob', 14, 7563),
(1940, 'Kaszó', 14, 7564),
(1941, 'Barcs', 14, 7570),
(1942, 'Komlósd', 14, 7582),
(1943, 'Péterhida', 14, 7582),
(1944, 'Babócsa', 14, 7584),
(1945, 'Rinyaújnép', 14, 7584),
(1946, 'Somogyaracs', 14, 7584),
(1947, 'Háromfa', 14, 7585),
(1948, 'Bakháza', 14, 7585),
(1949, 'Bolhó', 14, 7586),
(1950, 'Heresznye', 14, 7587),
(1951, 'Vízvár', 14, 7588),
(1952, 'Bélavár', 14, 7589),
(1953, 'Pécs', 2, 7600),
(1954, 'Kökény', 2, 7639),
(1955, 'Erzsébet', 2, 7661),
(1956, 'Kátoly', 2, 7661),
(1957, 'Kékesd', 2, 7661),
(1958, 'Szellő', 2, 7661),
(1959, 'Máriakéménd', 2, 7663),
(1960, 'Berkesd', 2, 7664),
(1961, 'Pereked', 2, 7664),
(1962, 'Szilágy', 2, 7664),
(1963, 'Pogány', 2, 7666),
(1964, 'Keszü', 2, 7668),
(1965, 'Gyód', 2, 7668),
(1966, 'Bicsérd', 2, 7671),
(1967, 'Aranyosgadány', 2, 7671),
(1968, 'Zók', 2, 7671),
(1969, 'Boda', 2, 7672),
(1970, 'Kővágószőlős', 2, 7673),
(1971, 'Cserkút', 2, 7673),
(1972, 'Bakonya', 2, 7675),
(1973, 'Kővágótöttös', 2, 7675),
(1974, 'Orfű ', 2, 7677),
(1975, 'Abaliget', 2, 7678),
(1976, 'Husztót', 2, 7678),
(1977, 'Kovácsszénája', 2, 7678),
(1978, 'Hetvehely', 2, 7681),
(1979, 'Okorvölgy', 2, 7681),
(1980, 'Szentkatalin', 2, 7681),
(1981, 'Bükkösd', 2, 7682),
(1982, 'Helesfa', 2, 7683),
(1983, 'Cserdi', 2, 7683),
(1984, 'Dinnyeberki', 2, 7683),
(1985, 'Hosszúhetény', 2, 7694),
(1986, 'Mecseknádasd', 2, 7695),
(1987, 'Óbánya', 2, 7695),
(1988, 'Ófalu', 2, 7695),
(1989, 'Hidas', 2, 7696),
(1990, 'Mohács', 2, 7700),
(1991, 'Bár', 2, 7711),
(1992, 'Dunaszekcső', 2, 7712),
(1993, 'Mohács-Újmohács', 2, 7714),
(1994, 'Mohács-Sárhát', 2, 7715),
(1995, 'Homorúd', 2, 7716),
(1996, 'Kölked', 2, 7717),
(1997, 'Udvar', 2, 7718),
(1998, 'Pécsvárad', 2, 7720),
(1999, 'Apátvarasd', 2, 7720),
(2000, 'Lovászhetény', 2, 7720),
(2001, 'Martonfa', 2, 7720),
(2002, 'Zengővárkony', 2, 7720),
(2003, 'Erdősmecske', 2, 7723),
(2004, 'Feked', 2, 7724),
(2005, 'Szebény', 2, 7725),
(2006, 'Véménd', 2, 7726),
(2007, 'Palotabozsok', 2, 7727),
(2008, 'Somberek', 2, 7728),
(2009, 'Görcsönydoboka', 2, 7728),
(2010, 'Nagypall', 2, 7731),
(2011, 'Fazekasboda', 2, 7732),
(2012, 'Geresdlak', 2, 7733),
(2013, 'Maráza', 2, 7733),
(2014, 'Himesháza', 2, 7735),
(2015, 'Erdősmárok', 2, 7735),
(2016, 'Szűr', 2, 7735),
(2017, 'Székelyszabar', 2, 7737),
(2018, 'Nagykozár', 2, 7741),
(2019, 'Bogád', 2, 7742),
(2020, 'Romonya', 2, 7743),
(2021, 'Ellend', 2, 7744),
(2022, 'Olasz', 2, 7745),
(2023, 'Hásságy', 2, 7745),
(2024, 'Belvárdgyula', 2, 7747),
(2025, 'Birján', 2, 7747),
(2026, 'Szederkény', 2, 7751),
(2027, 'Monyoród', 2, 7751),
(2028, 'Versend', 2, 7752),
(2029, 'Szajk', 2, 7753),
(2030, 'Bóly', 2, 7754),
(2031, 'Töttös', 2, 7755),
(2032, 'Borjád', 2, 7756),
(2033, 'Kisbudmér', 2, 7756),
(2034, 'Nagybudmér', 2, 7756),
(2035, 'Pócsa', 2, 7756),
(2036, 'Babarc', 2, 7757),
(2037, 'Liptód', 2, 7757),
(2038, 'Lánycsók', 2, 7759),
(2039, 'Kisnyárád', 2, 7759),
(2040, 'Kozármisleny', 2, 7761),
(2041, 'Lothárd', 2, 7761),
(2042, 'Magyarsarlós', 2, 7761),
(2043, 'Pécsudvard', 2, 7762),
(2044, 'Egerág', 2, 7763),
(2045, 'Áta', 2, 7763),
(2046, 'Kisherend', 2, 7763),
(2047, 'Szemely', 2, 7763),
(2048, 'Szőkéd', 2, 7763),
(2049, 'Újpetre', 2, 7766),
(2050, 'Kiskassa', 2, 7766),
(2051, 'Peterd', 2, 7766),
(2052, 'Pécsdevecser', 2, 7766),
(2053, 'Vokány', 2, 7768),
(2054, 'Kistótfalu', 2, 7768),
(2055, 'Palkonya', 2, 7771),
(2056, 'Villánykövesd', 2, 7772),
(2057, 'Ivánbattyán', 2, 7772),
(2058, 'Villány', 2, 7773),
(2059, 'Kisjakabfalva', 2, 7773),
(2060, 'Márok', 2, 7774),
(2061, 'Magyarbóly', 2, 7775),
(2062, 'Illocska', 2, 7775),
(2063, 'Kislippó', 2, 7775),
(2064, 'Lapáncsa', 2, 7775),
(2065, 'Lippó', 2, 7781),
(2066, 'Ivándárda', 2, 7781),
(2067, 'Sárok', 2, 7781),
(2068, 'Bezedek', 2, 7782),
(2069, 'Majs', 2, 7783),
(2070, 'Nagynyárád', 2, 7784),
(2071, 'Sátorhely', 2, 7785),
(2072, 'Siklós', 2, 7800),
(2073, 'Kisharsány', 2, 7800),
(2074, 'Nagytótfalu', 2, 7800),
(2075, 'Szalánta', 2, 7811),
(2076, 'Bisse', 2, 7811),
(2077, 'Bosta', 2, 7811),
(2078, 'Csarnóta', 2, 7811),
(2079, 'Szilvás', 2, 7811),
(2080, 'Túrony', 2, 7811),
(2081, 'Garé', 2, 7812),
(2082, 'Szava', 2, 7813),
(2083, 'Ócsárd', 2, 7814),
(2084, 'Babarcszőlős', 2, 7814),
(2085, 'Kisdér', 2, 7814),
(2086, 'Siklósbodony', 2, 7814),
(2087, 'Harkány', 2, 7815),
(2088, 'Diósviszló', 2, 7817),
(2089, 'Márfa', 2, 7817),
(2090, 'Rádfalva', 2, 7817),
(2091, 'Nagyharsány', 2, 7822),
(2092, 'Siklósnagyfalu', 2, 7823),
(2093, 'Kistapolca', 2, 7823),
(2094, 'Egyházasharaszti', 2, 7824),
(2095, 'Old', 2, 7825),
(2096, 'Alsószentmárton', 2, 7826),
(2097, 'Beremend', 2, 7827),
(2098, 'Kásád', 2, 7827),
(2099, 'Pellérd', 2, 7831),
(2100, 'Görcsöny', 2, 7833),
(2101, 'Regenye', 2, 7833),
(2102, 'Szőke', 2, 7833),
(2103, 'Baksa', 2, 7834),
(2104, 'Tengeri', 2, 7834),
(2105, 'Téseny', 2, 7834),
(2106, 'Bogádmindszent', 2, 7836),
(2107, 'Ózdfalu', 2, 7836),
(2108, 'Hegyszentmárton', 2, 7837),
(2109, 'Vajszló', 2, 7838),
(2110, 'Besence', 2, 7838),
(2111, 'Hirics', 2, 7838),
(2112, 'Lúzsok', 2, 7838),
(2113, 'Nagycsány', 2, 7838),
(2114, 'Páprád', 2, 7838),
(2115, 'Piskó', 2, 7838),
(2116, 'Vejti', 2, 7838),
(2117, 'Zaláta', 2, 7839),
(2118, 'Kemse', 2, 7839),
(2119, 'Sámod', 2, 7841),
(2120, 'Adorjás', 2, 7841),
(2121, 'Baranyahídvég', 2, 7841),
(2122, 'Kisszentmárton', 2, 7841),
(2123, 'Kórós', 2, 7841),
(2124, 'Kémes', 2, 7843),
(2125, 'Cún', 2, 7843),
(2126, 'Drávapiski', 2, 7843),
(2127, 'Szaporca', 2, 7843),
(2128, 'Tésenfa', 2, 7843),
(2129, 'Drávacsepely', 2, 7846),
(2130, 'Kovácshida', 2, 7847),
(2131, 'Drávaszerdahely', 2, 7847),
(2132, 'Ipacsfa', 2, 7847),
(2133, 'Drávacsehi', 2, 7849),
(2134, 'Drávapalkonya', 2, 7850),
(2135, 'Drávaszabolcs', 2, 7851),
(2136, 'Gordisa', 2, 7853),
(2137, 'Matty', 2, 7854),
(2138, 'Szigetvár', 2, 7900),
(2139, 'Botykapeterd', 2, 7900),
(2140, 'Csertő', 2, 7900),
(2141, 'Nagypeterd', 2, 7912),
(2142, 'Nyugotszenterzsébet', 2, 7912),
(2143, 'Nagyváty', 2, 7912),
(2144, 'Szentdénes', 2, 7913),
(2145, 'Rózsafa', 2, 7914),
(2146, 'Bánfa', 2, 7914),
(2147, 'Katádfa', 2, 7914),
(2148, 'Dencsháza', 2, 7915),
(2149, 'Szentegát', 2, 7915),
(2150, 'Lakócsa', 2, 7918),
(2151, 'Szentborbás', 2, 7918),
(2152, 'Tótújfalu', 2, 7918),
(2153, 'Somogyhatvan', 2, 7921),
(2154, 'Somogyapáti', 2, 7922),
(2155, 'Basal', 2, 7923),
(2156, 'Patapoklosi', 2, 7923),
(2157, 'Somogyviszló', 2, 7924),
(2158, 'Somogyhárságy', 2, 7925),
(2159, 'Magyarlukafa', 2, 7925),
(2160, 'Vásárosbéc', 2, 7926),
(2161, 'Mozsgó', 2, 7932),
(2162, 'Almáskeresztúr', 2, 7932),
(2163, 'Szulimán', 2, 7932),
(2164, 'Almamellék', 2, 7934),
(2165, 'Ibafa', 2, 7935),
(2166, 'Csebény', 2, 7935),
(2167, 'Horváthertelend', 2, 7935),
(2168, 'Szentlászló', 2, 7936),
(2169, 'Boldogasszonyfa', 2, 7937),
(2170, 'Szentlőrinc', 2, 7940),
(2171, 'Csonkamindszent', 2, 7940),
(2172, 'Kacsóta', 2, 7940),
(2173, 'Szabadszentkirály', 2, 7951),
(2174, 'Gerde', 2, 7951),
(2175, 'Pécsbagota', 2, 7951),
(2176, 'Velény', 2, 7951),
(2177, 'Királyegyháza', 2, 7953),
(2178, 'Magyarmecske', 2, 7954),
(2179, 'Gilvánfa', 2, 7954),
(2180, 'Gyöngyfa', 2, 7954),
(2181, 'Kisasszonyfa', 2, 7954),
(2182, 'Magyartelek', 2, 7954),
(2183, 'Okorág ', 2, 7957),
(2184, 'Kákics ', 2, 7958),
(2185, 'Sellye', 2, 7960),
(2186, 'Drávaiványi', 2, 7960),
(2187, 'Drávasztára', 2, 7960),
(2188, 'Marócsa', 2, 7960),
(2189, 'Sósvertike', 2, 7960),
(2190, 'Sumony', 2, 7960),
(2191, 'Csányoszró', 2, 7964),
(2192, 'Bogdása', 2, 7966),
(2193, 'Drávafok', 2, 7967),
(2194, 'Drávakeresztúr', 2, 7967),
(2195, 'Markóc', 2, 7967),
(2196, 'Felsőszentmárton', 2, 7968),
(2197, 'Hobol', 2, 7971),
(2198, 'Gyöngyösmellék', 2, 7972),
(2199, 'Teklafalu', 2, 7973),
(2200, 'Bürüs', 2, 7973),
(2201, 'Endrőc', 2, 7973),
(2202, 'Várad', 2, 7973),
(2203, 'Kétújfalu', 2, 7975),
(2204, 'Zádor', 2, 7976),
(2205, 'Szörény', 2, 7976),
(2206, 'Kastélyosdombó', 2, 7977),
(2207, 'Drávagárdony', 2, 7977),
(2208, 'Potony', 2, 7977),
(2209, 'Drávatamási', 2, 7979),
(2210, 'Pettend', 2, 7980),
(2211, 'Nemeske', 2, 7981),
(2212, 'Kistamási', 2, 7981),
(2213, 'Merenye', 2, 7981),
(2214, 'Molvány', 2, 7981),
(2215, 'Tótszentgyörgy', 2, 7981),
(2216, 'Nagydobsza', 2, 7985),
(2217, 'Kisdobsza', 2, 7985),
(2218, 'Istvándi', NULL, 7987),
(2219, 'Darány', NULL, 7988),
(2220, 'Székesfehérvár', 6, 8000),
(2221, 'Székesfehérvár-Börgönd', 6, 8019),
(2222, 'Csór', 6, 8041),
(2223, 'Moha', 6, 8042),
(2224, 'Iszkaszentgyörgy', 6, 8043),
(2225, 'Kincsesbánya', 6, 8044),
(2226, 'Isztimér', 6, 8045),
(2227, 'Bakonykúti', 6, 8046),
(2228, 'Sárkeresztes', 6, 8051),
(2229, 'Fehérvárcsurgó', 6, 8052),
(2230, 'Bodajk', 6, 8053),
(2231, 'Balinka-Eszény', 6, 8054),
(2232, 'Balinka', 6, 8055),
(2233, 'Bakonycsernye', 6, 8056),
(2234, 'Mór', 6, 8060),
(2235, 'Nagyveleg', 6, 8065),
(2236, 'Pusztavám', 6, 8066),
(2237, 'Magyaralmás', 6, 8071),
(2238, 'Söréd', 6, 8072),
(2239, 'Csákberény', 6, 8073),
(2240, 'Csókakő', 6, 8074),
(2241, 'Bodmér', 6, 8080),
(2242, 'Zámoly', 6, 8081),
(2243, 'Gánt', 6, 8082),
(2244, 'Csákvár', 6, 8083),
(2245, 'Vértesboglár', 6, 8085),
(2246, 'Felcsút', 6, 8086),
(2247, 'Alcsútdoboz', 6, 8087),
(2248, 'Tabajd', 6, 8088),
(2249, 'Vértesacsa', 6, 8089),
(2250, 'Pátka', 6, 8092),
(2251, 'Lovasberény', 6, 8093),
(2252, 'Pákozd', 6, 8095),
(2253, 'Sukoró', 6, 8096),
(2254, 'Nadap', 6, 8097),
(2255, 'Várpalota', 6, 8100),
(2256, 'Pétfürdő', 6, 8105),
(2257, 'Tés', 6, 8109),
(2258, 'Seregélyes', 6, 8111),
(2259, 'Zichyújfalu', 6, 8112),
(2260, 'Tác', 6, 8121),
(2261, 'Csősz', 6, 8122),
(2262, 'Soponya', 6, 8123),
(2263, 'Káloz', 6, 8124),
(2264, 'Sárkeresztúr', 6, 8125),
(2265, 'Sárszentágota', 6, 8126),
(2266, 'Aba', 6, 8127),
(2267, 'Enying', 6, 8130),
(2268, 'Enying-Balatonbozsok', 6, 8131),
(2269, 'Lepsény', 6, 8132),
(2270, 'Mezőszentgyörgy', 6, 8133),
(2271, 'Mátyásdomb', 6, 8134),
(2272, 'Dég', 6, 8135),
(2273, 'Lajoskomárom', 6, 8136),
(2274, 'Mezőkomárom', 6, 8137),
(2275, 'Szabadhídvég', 6, 8138),
(2276, 'Szabadhídvég-Pélpuszta', 6, 8139),
(2277, 'Úrhida', 6, 8142),
(2278, 'Sárszentmihály', 6, 8143),
(2279, 'Sárkeszi', 6, 8144),
(2280, 'Nádasdladány', 6, 8145),
(2281, 'Jenő', 6, 8146),
(2282, 'Szabadbattyán', 6, 8151),
(2283, 'Kőszárhegy', 6, 8152),
(2284, 'Polgárdi', 6, 8154),
(2285, 'Kisláng', 6, 8156),
(2286, 'Füle', 6, 8157),
(2287, 'Ősi', 18, 8161),
(2288, 'Küngös', 18, 8162),
(2289, 'Csajág', 18, 8163),
(2290, 'Balatonfőkajár', 18, 8164),
(2291, 'Balatonvilágos', 18, 8171),
(2292, 'Balatonakarattya', 18, 8172),
(2293, 'Balatonkenese', 18, 8174),
(2294, 'Balatonfűzfő', 18, 8175),
(2295, 'Berhida', 18, 8181),
(2296, 'Berhida-Peremartongyártelep', 18, 8182),
(2297, 'Papkeszi', 18, 8183),
(2298, 'Balatonfűzfő-Fűzfőgyártelep', 18, 8184),
(2299, 'Öskü', 18, 8191),
(2300, 'Hajmáskér', 18, 8192),
(2301, 'Sóly', 18, 8193),
(2302, 'Vilonya', 18, 8194),
(2303, 'Királyszentistván', 18, 8195),
(2304, 'Litér', 18, 8196),
(2305, 'Veszprém', 18, 8200),
(2306, 'Balatonalmádi', 18, 8220),
(2307, 'Szentkirályszabadja', 18, 8225),
(2308, 'Alsóörs', 18, 8226),
(2309, 'Felsőörs', 18, 8227),
(2310, 'Lovas', 18, 8228),
(2311, 'Csopak', 18, 8229),
(2312, 'Paloznak', 18, 8229),
(2313, 'Balatonfüred', 18, 8230),
(2314, 'Balatonszőlős', 18, 8233),
(2315, 'Tihany', 18, 8237),
(2316, 'Aszófő', 18, 8241),
(2317, 'Balatonudvari', 18, 8242),
(2318, 'Örvényes', 18, 8242),
(2319, 'Balatonakali', 18, 8243),
(2320, 'Dörgicse', 18, 8244),
(2321, 'Pécsely', 18, 8245),
(2322, 'Vászoly', 18, 8245),
(2323, 'Tótvázsony', 18, 8246),
(2324, 'Hidegkút', 18, 8247),
(2325, 'Nemesvámos', 18, 8248),
(2326, 'Veszprémfajsz', 18, 8248),
(2327, 'Zánka ', 18, 8251),
(2328, 'Balatonszepezd', 18, 8252),
(2329, 'Révfülöp', 18, 8253),
(2330, 'Kővágóörs', 18, 8254),
(2331, 'Kékkút', 18, 8254),
(2332, 'Balatonrendes', 18, 8255),
(2333, 'Kővágóörs-Pálköve', 18, 8255),
(2334, 'Ábrahámhegy', 18, 8256),
(2335, 'Salföld', 18, 8256),
(2336, 'Badacsonytomaj-Badacsonyörs', 18, 8257),
(2337, 'Badacsonytomaj', 18, 8258),
(2338, 'Badacsonytomaj-Badacsony', 18, 8261),
(2339, 'Badacsonytördemic', 18, 8263),
(2340, 'Szigliget', 18, 8264),
(2341, 'Hegymagas', 18, 8265),
(2342, 'Mencshely', 18, 8271),
(2343, 'Szentantalfa', 18, 8272),
(2344, 'Balatoncsicsó', 18, 8272),
(2345, 'Óbudavár', 18, 8272),
(2346, 'Szentjakabfa', 18, 8272),
(2347, 'Tagyon', 18, 8272),
(2348, 'Monoszló', 18, 8273),
(2349, 'Köveskál', 18, 8274),
(2350, 'Balatonhenye', 18, 8275),
(2351, 'Szentbékkálla', 18, 8281),
(2352, 'Mindszentkálla', 18, 8282),
(2353, 'Káptalantóti', 18, 8283),
(2354, 'Nemesgulács', 18, 8284),
(2355, 'Kisapáti', 18, 8284),
(2356, 'Gyulakeszi', 18, 8286),
(2357, 'Nagyvázsony', 18, 8291),
(2358, 'Barnag', 18, 8291),
(2359, 'Pula', 18, 8291),
(2360, 'Vöröstó', 18, 8291),
(2361, 'Öcs', 18, 8292),
(2362, 'Kapolcs', 18, 8294),
(2363, 'Vigántpetend', 18, 8294),
(2364, 'Taliándörögd', 18, 8295),
(2365, 'Monostorapáti', 18, 8296),
(2366, 'Hegyesd', 18, 8296),
(2367, 'Tapolca-Diszel', 18, 8297),
(2368, 'Tapolca', 18, 8300),
(2369, 'Raposka', 18, 8300),
(2370, 'Zalahaláp', 18, 8308),
(2371, 'Sáska', 18, 8308),
(2372, 'Nemesvita', 18, 8311),
(2373, 'Balatonederics', 18, 8312),
(2374, 'Balatongyörök', 18, 8313),
(2375, 'Vonyarcvashegy', 18, 8314),
(2376, 'Gyenesdiás', 18, 8315),
(2377, 'Várvölgy', 18, 8316),
(2378, 'Vállus', 18, 8316),
(2379, 'Lesencefalu', 18, 8317),
(2380, 'Lesencetomaj', 18, 8318),
(2381, 'Lesenceistvánd', 18, 8319),
(2382, 'Uzsa', 18, 8321),
(2383, 'Sümeg', 18, 8330),
(2384, 'Mihályfa', 18, 8341),
(2385, 'Kisvásárhely', 18, 8341),
(2386, 'Szalapa', 18, 8341),
(2387, 'Óhíd', 18, 8342),
(2388, 'Zalaerdőd', 18, 8344),
(2389, 'Hetyefő', 18, 8344),
(2390, 'Dabronc', 18, 8345),
(2391, 'Gógánfa', 18, 8346),
(2392, 'Ukk', 18, 8347),
(2393, 'Rigács', 18, 8348),
(2394, 'Megyer', 18, 8348),
(2395, 'Zalameggyes', 18, 8348),
(2396, 'Zalagyömörő', 18, 8349),
(2397, 'Sümegprága', 18, 8351),
(2398, 'Bazsi', 18, 8352),
(2399, 'Zalaszántó', 18, 8353),
(2400, 'Vindornyalak', 18, 8353),
(2401, 'Karmacs', 18, 8354),
(2402, 'Vindornyafok', 18, 8354),
(2403, 'Zalaköveskút', 18, 8354),
(2404, 'Vindornyaszőlős', 18, 8355),
(2405, 'Kisgörbő', 18, 8356),
(2406, 'Nagygörbő', 18, 8356),
(2407, 'Sümegcsehi', 18, 8357),
(2408, 'Döbröce', 18, 8357),
(2409, 'Keszthely', 18, 8360),
(2410, 'Nemesbük', 18, 8371),
(2411, 'Cserszegtomaj', 18, 8372),
(2412, 'Rezi', 18, 8373),
(2413, 'Hévíz', 18, 8380),
(2414, 'Sármellék', 18, 8391),
(2415, 'Zalavár', 18, 8392),
(2416, 'Szentgyörgyvár', 18, 8393),
(2417, 'Alsópáhok', 18, 8394),
(2418, 'Felsőpáhok', 18, 8395),
(2419, 'Ajka', 18, 8400),
(2420, 'Úrkút', 18, 8409),
(2421, 'Veszprém-Kádárta', 18, 8411),
(2422, 'Veszprém-Gyulafirátót', 18, 8412),
(2423, 'Eplény', 18, 8413),
(2424, 'Olaszfalu', 18, 8414),
(2425, 'Nagyesztergár', 18, 8415),
(2426, 'Dudar', 18, 8416),
(2427, 'Csetény', 18, 8417),
(2428, 'Bakonyoszlop', 18, 8418),
(2429, 'Csesznek', 18, 8419),
(2430, 'Zirc', 18, 8420),
(2431, 'Bakonynána', 18, 8422),
(2432, 'Szápár', 18, 8423),
(2433, 'Jásd', 18, 8424),
(2434, 'Lókút', 18, 8425),
(2435, 'Pénzesgyőr', 18, 8426),
(2436, 'Bakonybél', 18, 8427),
(2437, 'Borzavár', 18, 8428),
(2438, 'Porva', 18, 8429),
(2439, 'Bakonyszentkirály', 18, 8430),
(2440, 'Bakonyszentlászló', 18, 8431),
(2441, 'Fenyőfő', 18, 8432),
(2442, 'Bakonygyirót', 18, 8433),
(2443, 'Románd', 18, 8434),
(2444, 'Gic', 18, 8435),
(2445, 'Veszprémvarsány', 18, 8438),
(2446, 'Sikátor', 18, 8439),
(2447, 'Herend', 18, 8440),
(2448, 'Márkó', 18, 8441),
(2449, 'Hárskút', 18, 8442),
(2450, 'Bánd', 18, 8443),
(2451, 'Szentgál', 18, 8444),
(2452, 'Városlőd', 18, 8445),
(2453, 'Csehbánya', 18, 8445),
(2454, 'Kislőd', 18, 8446),
(2455, 'Ajka-Ajkarendek', 18, 8447),
(2456, 'Ajka-Bakonygyepes', 18, 8448),
(2457, 'Magyarpolány', 18, 8449),
(2458, 'Ajka-Padragkút', 18, 8451),
(2459, 'Halimba', 18, 8452),
(2460, 'Szőc', 18, 8452),
(2461, 'Nyirád', 18, 8454),
(2462, 'Pusztamiske', 18, 8455),
(2463, 'Noszlop', 18, 8456),
(2464, 'Bakonypölöske', 18, 8457),
(2465, 'Oroszi', 18, 8458),
(2466, 'Devecser', 18, 8460),
(2467, 'Kolontár', 18, 8468),
(2468, 'Kamond', 18, 8469),
(2469, 'Káptalanfa', 18, 8471),
(2470, 'Bodorfa', 18, 8471),
(2471, 'Nemeshany', 18, 8471),
(2472, 'Gyepükaján', 18, 8473),
(2473, 'Csabrendek', 18, 8474),
(2474, 'Veszprémgalsa', 18, 8475),
(2475, 'Hosztót', 18, 8475),
(2476, 'Szentimrefalva', 18, 8475),
(2477, 'Zalaszegvár', 18, 8476),
(2478, 'Tüskevár', 18, 8477),
(2479, 'Apácatorna', 18, 8477),
(2480, 'Kisberzseny', 18, 8477),
(2481, 'Somlójenő', 18, 8478),
(2482, 'Borszörcsök', 18, 8479),
(2483, 'Somlóvásárhely', 18, 8481),
(2484, 'Doba', 18, 8482),
(2485, 'Somlószőlős', 18, 8483),
(2486, 'Kisszőlős', 18, 8483),
(2487, 'Nagyalásony', 18, 8484),
(2488, 'Somlóvecse', 18, 8484),
(2489, 'Vid', 18, 8484),
(2490, 'Dabrony', 18, 8485),
(2491, 'Karakószörcsök', 18, 8491),
(2492, 'Kerta', 18, 8492),
(2493, 'Iszkáz', 18, 8493),
(2494, 'Kiscsősz', 18, 8494),
(2495, 'Csögle', 18, 8495),
(2496, 'Nagypirit', 18, 8496),
(2497, 'Kispirit', 18, 8496),
(2498, 'Adorjánháza', 18, 8497),
(2499, 'Egeralja', 18, 8497),
(2500, 'Pápa', 18, 8500),
(2501, 'Pápa-Borsosgyőr', 18, 8511),
(2502, 'Nyárád', 18, 8512),
(2503, 'Mihályháza', 18, 8513),
(2504, 'Mezőlak', 18, 8514),
(2505, 'Békás', 18, 8515),
(2506, 'Kemeneshőgyész', 18, 8516),
(2507, 'Magyargencs', 18, 8517),
(2508, 'Kemenesszentpéter', 18, 8518),
(2509, 'Nagyacsád', 18, 8521),
(2510, 'Nemesgörzsöny', 18, 8522),
(2511, 'Egyházaskesző', 18, 8523),
(2512, 'Várkesző', 18, 8523),
(2513, 'Marcaltő-Ihász', 18, 8531),
(2514, 'Marcaltő', 18, 8532),
(2515, 'Malomsok', 18, 8533),
(2516, 'Takácsi', 18, 8541),
(2517, 'Vaszar', 18, 8542),
(2518, 'Gecse', 18, 8543),
(2519, 'Nagygyimót', 18, 8551),
(2520, 'Vanyola', 18, 8552),
(2521, 'Lovászpatona', 18, 8553),
(2522, 'Nagydém', 18, 8554),
(2523, 'Bakonytamási', 18, 8555),
(2524, 'Pápateszér', 18, 8556),
(2525, 'Bakonyszentiván', 18, 8557),
(2526, 'Bakonyság', 18, 8557),
(2527, 'Csót', 18, 8558),
(2528, 'Adásztevel', 18, 8561),
(2529, 'Nagytevel', 18, 8562),
(2530, 'Homokbödöge', 18, 8563),
(2531, 'Ugod', 18, 8564),
(2532, 'Béb', 18, 8565),
(2533, 'Bakonykoppány', 18, 8571),
(2534, 'Bakonyszücs', 18, 8572),
(2535, 'Bakonyjákó', 18, 8581),
(2536, 'Németbánya', 18, 8581),
(2537, 'Farkasgyepű', 18, 8582),
(2538, 'Pápa-Kéttornyúlak', 18, 8591),
(2539, 'Nóráp', 18, 8591),
(2540, 'Dáka', 18, 8592),
(2541, 'Pápadereske', 18, 8593),
(2542, 'Pápasalamon', 18, 8594),
(2543, 'Kup', 18, 8595),
(2544, 'Pápakovácsi', 18, 8596),
(2545, 'Ganna', 18, 8597),
(2546, 'Döbrönte', 18, 8597),
(2547, 'Pápa-Tapolcafő', 18, 8598),
(2548, 'Siófok', 14, 8600),
(2549, 'Nyim', 14, 8612),
(2550, 'Balatonendréd', 14, 8613),
(2551, 'Bálványos', 14, 8614),
(2552, 'Kőröshegy ', 14, 8617),
(2553, 'Kereki', 14, 8618),
(2554, 'Pusztaszemes', 14, 8619),
(2555, 'Zamárdi', 14, 8621),
(2556, 'Szántód', 14, 8622),
(2557, 'Balatonföldvár', 14, 8623),
(2558, 'Balatonszárszó', 14, 8624),
(2559, 'Szólád', 14, 8625),
(2560, 'Teleki', 14, 8626),
(2561, 'Kötcse', 14, 8627),
(2562, 'Nagycsepely', 14, 8628),
(2563, 'Balatonboglár', 14, 8630),
(2564, 'Ordacsehi', 14, 8635),
(2565, 'Balatonszemes', 14, 8636),
(2566, 'Balatonőszöd', 14, 8637),
(2567, 'Balatonlelle', 14, 8638),
(2568, 'Fonyód', 14, 8640),
(2569, 'Balatonfenyves', 14, 8646),
(2570, 'Balatonmáriafürdő', 14, 8647),
(2571, 'Balatonkeresztúr ', 14, 8648),
(2572, 'Balatonberény', 14, 8649),
(2573, 'Balatonszabadi', 14, 8651),
(2574, 'Siójut', 14, 8652),
(2575, 'Ádánd', 14, 8653),
(2576, 'Ságvár', 14, 8654),
(2577, 'Som', 14, 8655),
(2578, 'Nagyberény', 14, 8656),
(2579, 'Bábonymegyer', 14, 8658),
(2580, 'Tab', 14, 8660),
(2581, 'Lulla', 14, 8660),
(2582, 'Sérsekszőlős', 14, 8660),
(2583, 'Torvaj', 14, 8660),
(2584, 'Zala', 14, 8660),
(2585, 'Bedegkér', 14, 8666),
(2586, 'Somogyegres', 14, 8666),
(2587, 'Kánya', 14, 8667),
(2588, 'Tengőd', 14, 8668),
(2589, 'Miklósi', 14, 8669),
(2590, 'Kapoly', 14, 8671),
(2591, 'Zics', 14, 8672),
(2592, 'Somogymeggyes', 14, 8673),
(2593, 'Nágocs', 14, 8674),
(2594, 'Andocs', 14, 8675),
(2595, 'Karád', 14, 8676),
(2596, 'Látrány', 14, 8681),
(2597, 'Visz', 14, 8681),
(2598, 'Somogytúr', 14, 8683),
(2599, 'Somogybabod', 14, 8684),
(2600, 'Gamás', 14, 8685),
(2601, 'Balatonboglár-Szőlőskislak', 14, 8691),
(2602, 'Szőlősgyörök', 14, 8692),
(2603, 'Gyugy', 14, 8692),
(2604, 'Lengyeltóti', 14, 8693),
(2605, 'Kisberény', 14, 8693),
(2606, 'Hács', 14, 8694),
(2607, 'Buzsák', 14, 8695),
(2608, 'Táska', 14, 8696),
(2609, 'Öreglak', 14, 8697),
(2610, 'Somogyvár', 14, 8698),
(2611, 'Pamuk', 14, 8698),
(2612, 'Somogyvámos', 14, 8699),
(2613, 'Marcali', 14, 8700),
(2614, 'Csömend', 14, 8700),
(2615, 'Somogyszentpál', 14, 8705),
(2616, 'Nikla', 14, 8706),
(2617, 'Pusztakovácsi', 14, 8707),
(2618, 'Libickozma', 14, 8707),
(2619, 'Somogyfajsz', 14, 8708),
(2620, 'Marcali-Horvátkút', 14, 8709),
(2621, 'Balatonszentgyörgy ', 14, 8710),
(2622, 'Vörs', 14, 8711),
(2623, 'Balatonújlak', 14, 8712),
(2624, 'Kéthely', 14, 8713),
(2625, 'Marcali-Bize', 14, 8714),
(2626, 'Kelevíz', 14, 8714),
(2627, 'Gadány', 14, 8715),
(2628, 'Mesztegnyő', 14, 8716),
(2629, 'Hosszúvíz', 14, 8716),
(2630, 'Szenyér', 14, 8717),
(2631, 'Nemeskisfalud', 14, 8717),
(2632, 'Tapsony', 14, 8718),
(2633, 'Böhönye', 14, 8719),
(2634, 'Vése', 14, 8721),
(2635, 'Nemesdéd', 14, 8722),
(2636, 'Varászló', 14, 8723),
(2637, 'Inke', 14, 8724),
(2638, 'Iharosberény', 14, 8725),
(2639, 'Iharos', 14, 8726),
(2640, 'Somogycsicsó', 14, 8726),
(2641, 'Pogányszentpéter', 14, 8728),
(2642, 'Hollád', 14, 8731),
(2643, 'Tikos', 14, 8731),
(2644, 'Sávoly', 14, 8732),
(2645, 'Főnyed', 14, 8732),
(2646, 'Szegerdő', 14, 8732),
(2647, 'Somogysámson', 14, 8733),
(2648, 'Somogyzsitfa', 14, 8734),
(2649, 'Csákány', 14, 8735),
(2650, 'Szőkedencs', 14, 8736),
(2651, 'Somogysimonyi', 14, 8737),
(2652, 'Nemesvid', 14, 8738),
(2653, 'Nagyszakácsi', 14, 8739),
(2654, 'Zalaapáti', 19, 8741),
(2655, 'Bókaháza', 19, 8741),
(2656, 'Esztergályhorváti', 19, 8742),
(2657, 'Zalaszabar', 19, 8743),
(2658, 'Orosztony', 19, 8744),
(2659, 'Kerecseny', 19, 8745),
(2660, 'Nagyrada', 19, 8746),
(2661, 'Garabonc', 19, 8747),
(2662, 'Zalamerenye', 19, 8747),
(2663, 'Zalakaros', 19, 8749),
(2664, 'Zalakomár-Kiskomárom', 19, 8751),
(2665, 'Zalakomár-Komárváros', 19, 8752),
(2666, 'Balatonmagyaród', 19, 8753),
(2667, 'Galambok', 19, 8754),
(2668, 'Nagyrécse', 19, 8756),
(2669, 'Csapi', 19, 8756),
(2670, 'Kisrécse', 19, 8756),
(2671, 'Zalasárszeg', 19, 8756),
(2672, 'Pacsa', 19, 8761),
(2673, 'Zalaigrice', 19, 8761),
(2674, 'Szentpéterúr', 19, 8762),
(2675, 'Gétye', 19, 8762),
(2676, 'Dióskál', 19, 8764),
(2677, 'Zalaszentmárton', 19, 8764),
(2678, 'Egeraracsa', 19, 8765),
(2679, 'Felsőrajk', 19, 8767),
(2680, 'Alsórajk', 19, 8767),
(2681, 'Pötréte', 19, 8767),
(2682, 'Hahót', 19, 8771),
(2683, 'Zalaszentbalázs', 19, 8772),
(2684, 'Börzönce', 19, 8772),
(2685, 'Pölöskefő', 19, 8773),
(2686, 'Kacorlak', 19, 8773),
(2687, 'Gelse', 19, 8774),
(2688, 'Gelsesziget', 19, 8774),
(2689, 'Kilimán', 19, 8774),
(2690, 'Magyarszerdahely', 19, 8776),
(2691, 'Bocska', 19, 8776),
(2692, 'Magyarszentmiklós', 19, 8776),
(2693, 'Hosszúvölgy', 19, 8777),
(2694, 'Fűzvölgy', 19, 8777),
(2695, 'Homokkomárom', 19, 8777),
(2696, 'Újudvar', 19, 8778),
(2697, 'Zalacsány', 19, 8782),
(2698, 'Ligetfalva', 19, 8782),
(2699, 'Tilaj', 19, 8782),
(2700, 'Kehidakustány', 19, 8784),
(2701, 'Zalaszentgrót-Zalakoppány', 19, 8785),
(2702, 'Kallósd', 19, 8785),
(2703, 'Zalaszentlászló', 19, 8788),
(2704, 'Sénye', 19, 8788),
(2705, 'Zalaszentgrót-Zalaudvarnok', 19, 8789),
(2706, 'Zalaszentgrót', 19, 8790),
(2707, 'Zalavég', 19, 8792),
(2708, 'Tekenye', 19, 8793),
(2709, 'Zalaszentgrót-Csáford', 19, 8795),
(2710, 'Türje', 19, 8796),
(2711, 'Batyk', 19, 8797),
(2712, 'Zalabér', 19, 8798),
(2713, 'Pakod', 19, 8799),
(2714, 'Dötk', 19, 8799),
(2715, 'Nagykanizsa', 19, 8800),
(2716, 'Nagykanizsa-Palin', 19, 8808),
(2717, 'Nagykanizsa-Sánc', 19, 8809),
(2718, 'Nagybakónak', 19, 8821),
(2719, 'Zalaújlak', 19, 8822),
(2720, 'Sand', 19, 8824),
(2721, 'Miháld', 19, 8825),
(2722, 'Pat', 19, 8825),
(2723, 'Zalaszentjakab', 19, 8827),
(2724, 'Nagykanizsa-Miklósfa', 19, 8831),
(2725, 'Liszó', 19, 8832),
(2726, 'Murakeresztúr', 19, 8834),
(2727, 'Fityeház', 19, 8835),
(2728, 'Csurgó', 19, 8840),
(2729, 'Csurgónagymarton', 19, 8840),
(2730, 'Szenta', 19, 8849),
(2731, 'Gyékényes', 19, 8851),
(2732, 'Zákány', 19, 8852),
(2733, 'Zákányfalu', 19, 8853),
(2734, 'Őrtilos', 19, 8854),
(2735, 'Belezna', 19, 8855),
(2736, 'Surd', 19, 8856),
(2737, 'Nemespátró', 19, 8857),
(2738, 'Porrog', 19, 8858),
(2739, 'Porrogszentkirály', 19, 8858),
(2740, 'Porrogszentpál', 19, 8858),
(2741, 'Somogybükkösd', 19, 8858),
(2742, 'Szepetnek', 19, 8861),
(2743, 'Semjénháza', 19, 8862),
(2744, 'Molnári', 19, 8863),
(2745, 'Tótszerdahely', 19, 8864),
(2746, 'Tótszentmárton', 19, 8865),
(2747, 'Becsehely', 19, 8866),
(2748, 'Petrivente', 19, 8866),
(2749, 'Letenye', 19, 8868),
(2750, 'Kistolmács', 19, 8868),
(2751, 'Murarátka', 19, 8868),
(2752, 'Zajk', 19, 8868),
(2753, 'Muraszemenye', 19, 8872),
(2754, 'Szentmargitfalva', 19, 8872),
(2755, 'Csörnyeföld', 19, 8873),
(2756, 'Dobri', 19, 8874),
(2757, 'Kerkaszentkirály', 19, 8874),
(2758, 'Tormafölde', 19, 8876),
(2759, 'Tornyiszentmiklós', 19, 8877),
(2760, 'Lovászi', 19, 8878),
(2761, 'Szécsisziget', 19, 8879),
(2762, 'Kerkateskánd', 19, 8879),
(2763, 'Sormás', 19, 8881),
(2764, 'Eszteregnye', 19, 8882),
(2765, 'Rigyác', 19, 8883),
(2766, 'Borsfa', 19, 8885),
(2767, 'Valkonya', 19, 8885),
(2768, 'Oltárc', 19, 8886),
(2769, 'Bázakerettye', 19, 8887),
(2770, 'Lasztonya', 19, 8887),
(2771, 'Lispeszentadorján', 19, 8888),
(2772, 'Kiscsehi', 19, 8888),
(2773, 'Maróc', 19, 8888),
(2774, 'Bánokszentgyörgy', 19, 8891),
(2775, 'Várfölde', 19, 8891),
(2776, 'Szentliszló', 19, 8893),
(2777, 'Bucsuta', 19, 8893),
(2778, 'Pusztamagyaród', 19, 8895),
(2779, 'Pusztaszentlászló', 19, 8896),
(2780, 'Söjtör', 19, 8897),
(2781, 'Zalaegerszeg', 19, 8900),
(2782, 'Zalaegerszeg-Andráshida', 19, 8904),
(2783, 'Nagykutas', 19, 8911),
(2784, 'Kiskutas', 19, 8911),
(2785, 'Kispáli', 19, 8912),
(2786, 'Nagypáli', 19, 8912),
(2787, 'Egervár', 19, 8913),
(2788, 'Gősfa', 19, 8913),
(2789, 'Lakhegy', 19, 8913),
(2790, 'Vasboldogasszony', 19, 8914),
(2791, 'Nemesrádó', 19, 8915),
(2792, 'Milejszeg', 19, 8917),
(2793, 'Csonkahegyhát', 19, 8918),
(2794, 'Németfalu', 19, 8918),
(2795, 'Kustánszeg', 19, 8919),
(2796, 'Zalaszentiván', 19, 8921),
(2797, 'Alibánfa', 19, 8921),
(2798, 'Pethőhenye', 19, 8921),
(2799, 'Zalaszentlőrinc', 19, 8921),
(2800, 'Nemesapáti', 19, 8923),
(2801, 'Alsónemesapáti', 19, 8924),
(2802, 'Búcsúszentlászló', 19, 8925),
(2803, 'Nemessándorháza', 19, 8925),
(2804, 'Nemesszentandrás', 19, 8925),
(2805, 'Kisbucsa', 19, 8926),
(2806, 'Nemeshetés', 19, 8928),
(2807, 'Pölöske', 19, 8929),
(2808, 'Kemendollár', 19, 8931),
(2809, 'Vöckönd', 19, 8931),
(2810, 'Pókaszepetk', 19, 8932),
(2811, 'Gyűrűs', 19, 8932),
(2812, 'Zalaistvánd', 19, 8932),
(2813, 'Bezeréd', 19, 8934),
(2814, 'Nagykapornak', 19, 8935),
(2815, 'Almásháza', 19, 8935),
(2816, 'Misefa', 19, 8935),
(2817, 'Orbányosfa', 19, 8935),
(2818, 'Padár', 19, 8935),
(2819, 'Zalaszentmihály', 19, 8936),
(2820, 'Bocfölde', 19, 8943),
(2821, 'Csatár', 19, 8943),
(2822, 'Sárhida', 19, 8944),
(2823, 'Bak', 19, 8945),
(2824, 'Tófej', 19, 8946),
(2825, 'Baktüttös', 19, 8946),
(2826, 'Pusztaederics', 19, 8946),
(2827, 'Zalatárnok', 19, 8947),
(2828, 'Szentkozmadombja', 19, 8947),
(2829, 'Nova', 19, 8948),
(2830, 'Barlahida', 19, 8948),
(2831, 'Mikekarácsonyfa', 19, 8949),
(2832, 'Gutorfölde', 19, 8951),
(2833, 'Csertalakos', 19, 8951),
(2834, 'Szentpéterfölde', 19, 8953),
(2835, 'Ortaháza', 19, 8954),
(2836, 'Páka', 19, 8956),
(2837, 'Kányavár', 19, 8956),
(2838, 'Pördefölde', 19, 8956),
(2839, 'Csömödér', 19, 8957),
(2840, 'Hernyék', 19, 8957),
(2841, 'Kissziget', 19, 8957),
(2842, 'Zebecke', 19, 8957),
(2843, 'Iklódbördőce', 19, 8958),
(2844, 'Lenti', 19, 8960),
(2845, 'Gosztola', 19, 8960),
(2846, 'Lenti-Lentikápolna', 19, 8966),
(2847, 'Gáborjánháza', 19, 8969),
(2848, 'Bödeháza', 19, 8969),
(2849, 'Szijártóháza', 19, 8969),
(2850, 'Zalaszombatfa', 19, 8969),
(2851, 'Zalabaksa', 19, 8971),
(2852, 'Kerkabarabás', 19, 8971),
(2853, 'Csesztreg', 19, 8973),
(2854, 'Alsószenterzsébet', 19, 8973),
(2855, 'Felsőszenterzsébet', 19, 8973),
(2856, 'Kerkafalva', 19, 8973),
(2857, 'Kerkakutas', 19, 8973),
(2858, 'Magyarföld', 19, 8973),
(2859, 'Ramocsa', 19, 8973),
(2860, 'Szentgyörgyvölgy', 19, 8975),
(2861, 'Nemesnép', 19, 8976),
(2862, 'Márokföld', 19, 8976),
(2863, 'Resznek', 19, 8977),
(2864, 'Baglad', 19, 8977),
(2865, 'Lendvajakabfa', 19, 8977),
(2866, 'Rédics', 19, 8978),
(2867, 'Belsősárd', 19, 8978),
(2868, 'Külsősárd', 19, 8978),
(2869, 'Lendvadedes', 19, 8978),
(2870, 'Gellénháza', 19, 8981),
(2871, 'Lickóvadamos', 19, 8981),
(2872, 'Nagylengyel', 19, 8983),
(2873, 'Babosdöbréte', 19, 8983),
(2874, 'Ormándlak', 19, 8983),
(2875, 'Petrikeresztúr', 19, 8984),
(2876, 'Gombosszeg', 19, 8984),
(2877, 'Iborfia', 19, 8984),
(2878, 'Becsvölgye', 19, 8985),
(2879, 'Pórszombat', 19, 8986),
(2880, 'Pusztaapáti', 19, 8986),
(2881, 'Szilvágy', 19, 8986),
(2882, 'Kálócfa', 19, 8988),
(2883, 'Kozmadombja', 19, 8988),
(2884, 'Dobronhegy', 19, 8989),
(2885, 'Pálfiszeg', 19, 8990),
(2886, 'Teskánd', 19, 8991),
(2887, 'Böde', 19, 8991),
(2888, 'Hottó', 19, 8991),
(2889, 'Bagod', 19, 8992),
(2890, 'Boncodfölde', 19, 8992),
(2891, 'Hagyárosbörönd', 19, 8992),
(2892, 'Zalaboldogfa', 19, 8992),
(2893, 'Zalaszentgyörgy', 19, 8994),
(2894, 'Kávás', 19, 8994),
(2895, 'Salomvár', 19, 8995),
(2896, 'Keménfa', 19, 8995),
(2897, 'Zalacséb', 19, 8996),
(2898, 'Zalaháshágy', 19, 8997),
(2899, 'Vaspör', 19, 8998),
(2900, 'Ozmánbük', 19, 8998),
(2901, 'Zalalövő', 19, 8999),
(2902, 'Csöde', 19, 8999),
(2903, 'Győr', NULL, 9000),
(2904, 'Vámosszabadi', 7, 9061),
(2905, 'Kisbajcs', 7, 9062),
(2906, 'Vének', 7, 9062),
(2907, 'Nagybajcs', 7, 9063),
(2908, 'Vámosszabadi-Szitásdomb', 7, 9064),
(2909, 'Gönyű', 7, 9071),
(2910, 'Nagyszentjános', 7, 9072),
(2911, 'Bőny', 7, 9073),
(2912, 'Rétalap', 7, 9074),
(2913, 'Győrújbarát', 7, 9081),
(2914, 'Nyúl', 7, 9082),
(2915, 'Écs', 7, 9083),
(2916, 'Győrság', 7, 9084),
(2917, 'Pázmándfalu', 7, 9085),
(2918, 'Töltéstava', 7, 9086),
(2919, 'Bakonypéterd', 7, 9088),
(2920, 'Lázi', 7, 9089),
(2921, 'Pannonhalma', 7, 9090),
(2922, 'Ravazd', 7, 9091),
(2923, 'Tarjánpuszta', 7, 9092),
(2924, 'Győrasszonyfa', 7, 9093),
(2925, 'Tápszentmiklós', 7, 9094),
(2926, 'Táp', 7, 9095),
(2927, 'Nyalka', 7, 9096),
(2928, 'Mezőörs', 7, 9097),
(2929, 'Pér-Mindenszentpuszta', 7, 9098),
(2930, 'Pér', 7, 9099),
(2931, 'Tét', 7, 9100),
(2932, 'Tényő', 7, 9111),
(2933, 'Sokorópátka', 7, 9112),
(2934, 'Koroncó', 7, 9113),
(2935, 'Győrszemere', 7, 9121),
(2936, 'Felpéc', 7, 9122),
(2937, 'Kajárpéc', 7, 9123),
(2938, 'Gyömöre', 7, 9124),
(2939, 'Szerecseny', 7, 9125),
(2940, 'Gyarmat', 7, 9126),
(2941, 'Csikvánd', 7, 9127),
(2942, 'Mórichida', 7, 9131),
(2943, 'Árpás', 7, 9132),
(2944, 'Kisbabot', 7, 9133),
(2945, 'Rábaszentmiklós', 7, 9133),
(2946, 'Bodonhely', 7, 9134),
(2947, 'Rábaszentmihály', 7, 9135),
(2948, 'Rábacsécsény', 7, 9136),
(2949, 'Mérges', 7, 9136),
(2950, 'Ikrény', 7, 9141),
(2951, 'Rábapatona', 7, 9142),
(2952, 'Enese', 7, 9143),
(2953, 'Kóny', 7, 9144),
(2954, 'Bágyogszovát', 7, 9145),
(2955, 'Rábapordány', 7, 9146),
(2956, 'Dör', 7, 9147),
(2957, 'Abda', 7, 9151),
(2958, 'Börcs', 7, 9152),
(2959, 'Öttevény', 7, 9153),
(2960, 'Mosonszentmiklós', 7, 9154),
(2961, 'Lébény', 7, 9155),
(2962, 'Győrsövényház', 7, 9161),
(2963, 'Bezi', 7, 9162),
(2964, 'Fehértó', 7, 9163),
(2965, 'Markotabödöge', 7, 9164),
(2966, 'Rábcakapi', 7, 9165),
(2967, 'Cakóháza', 7, 9165),
(2968, 'Tárnokréti', 7, 9165),
(2969, 'Bősárkány', 7, 9167),
(2970, 'Jánossomorja-Hanságliget', 7, 9167),
(2971, 'Acsalag', 7, 9168),
(2972, 'Csorna-Földsziget', 7, 9168),
(2973, 'Barbacs', 7, 9169),
(2974, 'Maglóca', 7, 9169),
(2975, 'Győrújfalu', 7, 9171),
(2976, 'Győrzámoly', 7, 9172),
(2977, 'Győrladamér', 7, 9173),
(2978, 'Dunaszeg', 7, 9174),
(2979, 'Dunaszentpál', 7, 9175),
(2980, 'Mecsér', 7, 9176),
(2981, 'Ásványráró', 7, 9177),
(2982, 'Hédervár', 7, 9178),
(2983, 'Kimle', 7, 9181),
(2984, 'Károlyháza', 7, 9182),
(2985, 'Mosonszentmiklós-Gyártelep', 7, 9183),
(2986, 'Mosonszentmiklós-Mosonújhely', 7, 9183),
(2987, 'Kunsziget', 7, 9184),
(2988, 'Mosonmagyaróvár', 7, 9200),
(2989, 'Feketeerdő', 7, 9211),
(2990, 'Levél', 7, 9221),
(2991, 'Hegyeshalom', 7, 9222),
(2992, 'Bezenye', 7, 9223),
(2993, 'Rajka', 7, 9224),
(2994, 'Dunakiliti', 7, 9225),
(2995, 'Dunasziget', 7, 9226),
(2996, 'Halászi', 7, 9228),
(2997, 'Máriakálnok', 7, 9231),
(2998, 'Darnózseli', 7, 9232),
(2999, 'Lipót', 7, 9233),
(3000, 'Kisbodak', 7, 9234),
(3001, 'Püski', 7, 9235),
(3002, 'Dunaremete', 7, 9235),
(3003, 'Jánossomorja-Mosonszentjános', 7, 9241),
(3004, 'Jánossomorja-Újtanya', 7, 9241),
(3005, 'Jánossomorja-Pusztasmorja', 7, 9242),
(3006, 'Várbalog', 7, 9243),
(3007, 'Újrónafő', 7, 9244),
(3008, 'Mosonszolnok', 7, 9245),
(3009, 'Mosonudvar', 7, 9246),
(3010, 'Csorna', 7, 9300),
(3011, 'Pásztori', 7, 9311),
(3012, 'Szilsárkány', 7, 9312),
(3013, 'Rábacsanak', 7, 9313),
(3014, 'Egyed', 7, 9314),
(3015, 'Sobor', 7, 9315),
(3016, 'Rábaszentandrás', 7, 9316),
(3017, 'Szany', 7, 9317),
(3018, 'Farád', 7, 9321),
(3019, 'Rábatamási', 7, 9322),
(3020, 'Jobaháza', 7, 9323),
(3021, 'Bogyoszló', 7, 9324),
(3022, 'Potyond', 7, 9324),
(3023, 'Sopronnémeti', 7, 9325),
(3024, 'Szil', 7, 9326),
(3025, 'Vág', 7, 9327),
(3026, 'Rábasebes', 7, 9327),
(3027, 'Kapuvár', 7, 9330),
(3028, 'Kapuvár-Öntésmajor', 7, 9339),
(3029, 'Kisfalud', 7, 9341),
(3030, 'Mihályi', 7, 9342),
(3031, 'Beled', 7, 9343),
(3032, 'Edve', 7, 9343),
(3033, 'Vásárosfalu', 7, 9343),
(3034, 'Rábakecöl', 7, 9344),
(3035, 'Páli', 7, 9345),
(3036, 'Magyarkeresztúr', 7, 9346),
(3037, 'Vadosfa', 7, 9346),
(3038, 'Zsebeháza', 7, 9346),
(3039, 'Babót', 7, 9351),
(3040, 'Veszkény', 7, 9352),
(3041, 'Szárföld', 7, 9353),
(3042, 'Osli', 7, 9354),
(3043, 'Hövej', 7, 9361),
(3044, 'Himod', 7, 9362),
(3045, 'Gyóró', 7, 9363),
(3046, 'Cirák', 7, 9364),
(3047, 'Dénesfa', 7, 9365),
(3048, 'Vitnyéd', 7, 9371),
(3049, 'Csapod', 7, 9372),
(3050, 'Pusztacsalád', 7, 9373),
(3051, 'Iván', 7, 9374),
(3052, 'Répceszemere', 7, 9375),
(3053, 'Csáfordjánosfa', 7, 9375),
(3054, 'Csér', 7, 9375),
(3055, 'Sopron', 7, 9400),
(3056, 'Sopron-Sopronkőhida', 7, 9407),
(3057, 'Sopron-Brennbergbánya', 7, 9408),
(3058, 'Fertőrákos', 7, 9421),
(3059, 'Harka', 7, 9422),
(3060, 'Ágfalva', 7, 9423),
(3061, 'Fertőd', 7, 9431),
(3062, 'Fertőd-Tőzeggyármajor', 7, 9433),
(3063, 'Sarród-Fertőújlak', 7, 9434),
(3064, 'Sarród', 7, 9435),
(3065, 'Fertőszéplak', 7, 9436),
(3066, 'Hegykő', 7, 9437),
(3067, 'Sarród-Nyárliget', 7, 9438),
(3068, 'Agyagosszergény', 7, 9441),
(3069, 'Fertőendréd', 7, 9442),
(3070, 'Petőháza', 7, 9443),
(3071, 'Fertőszentmiklós', 7, 9444),
(3072, 'Röjtökmuzsaj', 7, 9451),
(3073, 'Ebergőc', 7, 9451),
(3074, 'Lövő', 7, 9461),
(3075, 'Völcsej', 7, 9462),
(3076, 'Sopronhorpács', 7, 9463),
(3077, 'Und', 7, 9464),
(3078, 'Nemeskér', 7, 9471),
(3079, 'Újkér', 7, 9472),
(3080, 'Egyházasfalu', 7, 9473),
(3081, 'Szakony', 7, 9474),
(3082, 'Gyalóka', 7, 9474),
(3083, 'Répcevis', 7, 9475),
(3084, 'Zsira', 7, 9476),
(3085, 'Pinnye', 7, 9481),
(3086, 'Nagylózs', 7, 9482),
(3087, 'Sopronkövesd', 7, 9483),
(3088, 'Pereszteg', 7, 9484),
(3089, 'Nagycenk', 7, 9485),
(3090, 'Hidegség', 7, 9491),
(3091, 'Fertőhomok', 7, 9492),
(3092, 'Fertőboz', 7, 9493),
(3093, 'Sopron-Balf', 7, 9494),
(3094, 'Kópháza', 7, 9495),
(3095, 'Celldömölk', 17, 9500),
(3096, 'Kemenesmihályfa', 17, 9511),
(3097, 'Ostffyasszonyfa', 17, 9512),
(3098, 'Csönge', 17, 9513),
(3099, 'Kenyeri', 17, 9514),
(3100, 'Pápoc', 17, 9515),
(3101, 'Vönöck', 17, 9516),
(3102, 'Kemenessömjén', 17, 9517),
(3103, 'Kemenesszentmárton', 17, 9521),
(3104, 'Kemenesmagasi', 17, 9522),
(3105, 'Szergény', 17, 9523),
(3106, 'Mersevát', 17, 9531),
(3107, 'Külsővat', 17, 9532),
(3108, 'Nemesszalók', 17, 9533),
(3109, 'Marcalgergelyi', 17, 9534),
(3110, 'Vinár', 17, 9534),
(3111, 'Celldömölk-Izsákfa', 17, 9541),
(3112, 'Boba', 17, 9542),
(3113, 'Nemeskocs', 17, 9542),
(3114, 'Kemenespálfa', 17, 9544),
(3115, 'Jánosháza', 17, 9545),
(3116, 'Karakó', 17, 9547),
(3117, 'Nemeskeresztúr', 17, 9548),
(3118, 'Keléd', 17, 9549),
(3119, 'Mesteri', 17, 9551),
(3120, 'Vásárosmiske', 17, 9552),
(3121, 'Köcsk', 17, 9553),
(3122, 'Kemeneskápolna', 17, 9553),
(3123, 'Egyházashetye', 17, 9554),
(3124, 'Borgáta', 17, 9554),
(3125, 'Kissomlyó', 17, 9555),
(3126, 'Duka', 17, 9556),
(3127, 'Nagysimonyi', 17, 9561),
(3128, 'Tokorcs', 17, 9561),
(3129, 'Sárvár', 17, 9600),
(3130, 'Sárvár-Rábasömjén', 17, 9608),
(3131, 'Sárvár-Lánkapuszta', 17, 9609),
(3132, 'Csénye', 17, 9611),
(3133, 'Bögöt', 17, 9612),
(3134, 'Porpác', 17, 9612),
(3135, 'Ölbő', 17, 9621),
(3136, 'Szeleste', 17, 9622),
(3137, 'Répceszentgyörgy', 17, 9623),
(3138, 'Chernelházadamonya', 17, 9624),
(3139, 'Bő', 17, 9625),
(3140, 'Gór', 17, 9625),
(3141, 'Hegyfalu', 17, 9631),
(3142, 'Sajtoskál', 17, 9632),
(3143, 'Simaság', 17, 9633),
(3144, 'Lócs', 17, 9634),
(3145, 'Iklanberény', 17, 9634),
(3146, 'Zsédeny', 17, 9635),
(3147, 'Pósfa', 17, 9636),
(3148, 'Rábapaty', 17, 9641),
(3149, 'Jákfa', 17, 9643),
(3150, 'Uraiújfalu', 17, 9651),
(3151, 'Nick', 17, 9652),
(3152, 'Répcelak', 17, 9653),
(3153, 'Csánig', 17, 9654),
(3154, 'Vasegerszeg', 17, 9661),
(3155, 'Tompaládony', 17, 9662),
(3156, 'Mesterháza', 17, 9662),
(3157, 'Nemesládony', 17, 9663),
(3158, 'Nagygeresd', 17, 9664),
(3159, 'Vámoscsalád', 17, 9665),
(3160, 'Sitke', 17, 9671),
(3161, 'Gérce', 17, 9672),
(3162, 'Káld', 17, 9673),
(3163, 'Vashosszúfalu', 17, 9674),
(3164, 'Bögöte', 17, 9675),
(3165, 'Hosszúpereszteg', 17, 9676),
(3166, 'Sótony', 17, 9681),
(3167, 'Nyőgér', 17, 9682),
(3168, 'Bejcgyertyános', 17, 9683),
(3169, 'Egervölgy', 17, 9684),
(3170, 'Szemenye', 17, 9685),
(3171, 'Szombathely', 17, 9700),
(3172, 'Szombathely-Herény', 17, 9707),
(3173, 'Gencsapáti', 17, 9721),
(3174, 'Perenye', 17, 9722),
(3175, 'Gyöngyösfalu', 17, 9723),
(3176, 'Lukácsháza ', 17, 9724),
(3177, 'Kőszegszerdahely', 17, 9725),
(3178, 'Cák', 17, 9725),
(3179, 'Kőszegdoroszló', 17, 9725),
(3180, 'Velem', 17, 9726),
(3181, 'Bozsok', 17, 9727),
(3182, 'Kőszeg', 17, 9730),
(3183, 'Horvátzsidány', 17, 9733),
(3184, 'Kiszsidány', 17, 9733),
(3185, 'Ólmod', 17, 9733),
(3186, 'Peresznye', 17, 9734),
(3187, 'Csepreg', 17, 9735),
(3188, 'Tormásliget', 17, 9736),
(3189, 'Bük', 17, 9737),
(3190, 'Tömörd', 17, 9738),
(3191, 'Nemescsó', 17, 9739),
(3192, 'Kőszegpaty', 17, 9739),
(3193, 'Pusztacsó', 17, 9739),
(3194, 'Bük-Bükfürdő', 17, 9740),
(3195, 'Vassurány', 17, 9741),
(3196, 'Salköveskút', 17, 9742),
(3197, 'Söpte', 17, 9743),
(3198, 'Vasasszonyfa', 17, 9744),
(3199, 'Meszlen', 17, 9745),
(3200, 'Acsád', 17, 9746),
(3201, 'Vasszilvágy', 17, 9747),
(3202, 'Vát', 17, 9748),
(3203, 'Nemesbőd', 17, 9749),
(3204, 'Vép', 17, 9751),
(3205, 'Bozzai', 17, 9752),
(3206, 'Kenéz', 17, 9752),
(3207, 'Pecöl', 17, 9754),
(3208, 'Megyehíd', 17, 9754),
(3209, 'Ikervár', 17, 9756),
(3210, 'Meggyeskovácsi', 17, 9757),
(3211, 'Táplánszentkereszt', 17, 9761),
(3212, 'Tanakajd', 17, 9762),
(3213, 'Vasszécseny', 17, 9763),
(3214, 'Csempeszkopács', 17, 9764),
(3215, 'Meggyeskovácsi-Ilonapuszta', 17, 9764),
(3216, 'Rum', 17, 9766),
(3217, 'Rábatöttös', 17, 9766),
(3218, 'Zsennye', 17, 9766),
(3219, 'Balogunyom', 17, 9771),
(3220, 'Kisunyom', 17, 9772),
(3221, 'Sorokpolány', 17, 9773),
(3222, 'Sorkifalud', 17, 9774),
(3223, 'Gyanógeregye', 17, 9774),
(3224, 'Sorkikápolna', 17, 9774),
(3225, 'Nemeskolta', 17, 9775),
(3226, 'Püspökmolnári', 17, 9776),
(3227, 'Rábahídvég', 17, 9777),
(3228, 'Egyházashollós', 17, 9781),
(3229, 'Nemesrempehollós', 17, 9782),
(3230, 'Egyházasrádóc', 17, 9783),
(3231, 'Rádóckölked', 17, 9784),
(3232, 'Harasztifalu', 17, 9784),
(3233, 'Nagykölked', 17, 9784),
(3234, 'Sé', 17, 9789),
(3235, 'Torony', 17, 9791),
(3236, 'Dozmat', 17, 9791),
(3237, 'Bucsu', 17, 9792),
(3238, 'Narda', 17, 9793),
(3239, 'Felsőcsatár', 17, 9794),
(3240, 'Vaskeresztes', 17, 9795),
(3241, 'Pornóapáti', 17, 9796),
(3242, 'Horvátlövő', 17, 9796),
(3243, 'Nárai', 17, 9797),
(3244, 'Ják', 17, 9798),
(3245, 'Szentpéterfa', 17, 9799),
(3246, 'Vasvár', 17, 9800),
(3247, 'Andrásfa', 17, 9811),
(3248, 'Telekes', 17, 9812),
(3249, 'Gersekarát', 17, 9813),
(3250, 'Sárfimizdó', 17, 9813),
(3251, 'Halastó', 17, 9814),
(3252, 'Győrvár', 17, 9821),
(3253, 'Hegyhátszentpéter', 17, 9821),
(3254, 'Pácsony', 17, 9823),
(3255, 'Olaszfa', 17, 9824),
(3256, 'Oszkó', 17, 9825),
(3257, 'Petőmihályfa', 17, 9826),
(3258, 'Bérbaltavár', 17, 9831),
(3259, 'Nagytilaj', 17, 9832),
(3260, 'Csehi', 17, 9833),
(3261, 'Csehimindszent', 17, 9834),
(3262, 'Mikosszéplak', 17, 9835),
(3263, 'Csipkerek', 17, 9836),
(3264, 'Kám', 17, 9841),
(3265, 'Alsóújlak', 17, 9842),
(3266, 'Körmend', 17, 9900),
(3267, 'Körmend-Horvátnádalja', 17, 9909),
(3268, 'Magyarnádalja', 17, 9909),
(3269, 'Molnaszecsőd', 17, 9912),
(3270, 'Magyarszecsőd', 17, 9912),
(3271, 'Szarvaskend', 17, 9913),
(3272, 'Döröske', 17, 9913),
(3273, 'Nagymizdó', 17, 9913),
(3274, 'Döbörhegy', 17, 9914),
(3275, 'Nádasd', 17, 9915),
(3276, 'Hegyháthodász', 17, 9915),
(3277, 'Hegyhátsál', 17, 9915),
(3278, 'Katafa', 17, 9915),
(3279, 'Halogy', 17, 9917),
(3280, 'Daraboshegy', 17, 9917),
(3281, 'Felsőmarác', 17, 9918),
(3282, 'Csákánydoroszló', 17, 9919),
(3283, 'Vasalja', 17, 9921),
(3284, 'Pinkamindszent', 17, 9922),
(3285, 'Kemestaródfa', 17, 9923),
(3286, 'Ivánc', 17, 9931),
(3287, 'Hegyhátszentmárton', 17, 9931),
(3288, 'Viszák', 17, 9932),
(3289, 'Őrimagyarósd', 17, 9933),
(3290, 'Hegyhátszentjakab', 17, 9934),
(3291, 'Felsőjánosfa', 17, 9934),
(3292, 'Szaknyér', 17, 9934),
(3293, 'Szőce', 17, 9935),
(3294, 'Kisrákos', 17, 9936),
(3295, 'Pankasz', 17, 9937),
(3296, 'Nagyrákos', 17, 9938),
(3297, 'Szatta', 17, 9938),
(3298, 'Őriszentpéter', 17, 9941),
(3299, 'Ispánk', 17, 9941),
(3300, 'Szalafő', 17, 9942),
(3301, 'Kondorfa', 17, 9943),
(3302, 'Bajánsenye', 17, 9944),
(3303, 'Kerkáskápolna', 17, 9944),
(3304, 'Kercaszomor', 17, 9945),
(3305, 'Magyarszombatfa', 17, 9946),
(3306, 'Velemér', 17, 9946),
(3307, 'Rátót', 17, 9951),
(3308, 'Gasztony', 17, 9952),
(3309, 'Vasszentmihály', 17, 9953),
(3310, 'Nemesmedves', 17, 9953),
(3311, 'Rönök', 17, 9954),
(3312, 'Szentgotthárd-Rábafüzes', 17, 9955),
(3313, 'Rábagyarmat', 17, 9961),
(3314, 'Csörötnek', 17, 9962),
(3315, 'Magyarlak', 17, 9962),
(3316, 'Szentgotthárd', 17, 9970),
(3317, 'Szentgotthárd-Farkasfa', 17, 9981),
(3318, 'Apátistvánfalva', 17, 9982),
(3319, 'Kétvölgy', 17, 9982),
(3320, 'Orfalu', 17, 9982),
(3321, 'Alsószölnök', 17, 9983),
(3322, 'Szakonyfalu', 17, 9983),
(3323, 'Felsőszölnök', 17, 9985);

--
-- Indexek a kiírt táblákhoz
--

--
-- A tábla indexei `erdekelt_esemeny_kategoriak`
--
ALTER TABLE `erdekelt_esemeny_kategoriak`
  ADD KEY `kategoria_id` (`kategoria_id`),
  ADD KEY `felhasznalo_id` (`felhasznalo_id`) USING BTREE;

--
-- A tábla indexei `esemenyek`
--
ALTER TABLE `esemenyek`
  ADD PRIMARY KEY (`esemeny_id`),
  ADD KEY `szervezo_id` (`szervezo_id`),
  ADD KEY `varos_id` (`varos_id`),
  ADD KEY `like_szamlalo` (`like_szamlalo`),
  ADD KEY `dislike_szamlalo` (`dislike_szamlalo`),
  ADD KEY `kategoria` (`kategoria_id`),
  ADD KEY `kategoria_id` (`kategoria_id`),
  ADD KEY `cim` (`cim`),
  ADD KEY `letrehozva` (`letrehozva`);

--
-- A tábla indexei `esemeny_hozzaszolasok`
--
ALTER TABLE `esemeny_hozzaszolasok`
  ADD PRIMARY KEY (`hozzaszolas_id`),
  ADD KEY `esemeny_id` (`esemeny_id`),
  ADD KEY `felhasznalo_id` (`hozzaszolo_id`);

--
-- A tábla indexei `esemeny_interakcio`
--
ALTER TABLE `esemeny_interakcio`
  ADD PRIMARY KEY (`interakcio_id`),
  ADD UNIQUE KEY `felhasznalo_id` (`felhasznalo_id`,`esemeny_id`),
  ADD KEY `esemeny_id` (`esemeny_id`);

--
-- A tábla indexei `esemeny_kategoriak`
--
ALTER TABLE `esemeny_kategoriak`
  ADD PRIMARY KEY (`kategoria_id`),
  ADD UNIQUE KEY `kategoria_nev` (`kategoria_nev`);

--
-- A tábla indexei `felhasznalok`
--
ALTER TABLE `felhasznalok`
  ADD PRIMARY KEY (`felhasznalo_id`),
  ADD UNIQUE KEY `felhasznalonev` (`felhasznalonev`),
  ADD UNIQUE KEY `email` (`email`),
  ADD KEY `letrehozva` (`letrehozva`),
  ADD KEY `szerep_id` (`szerep_id`),
  ADD KEY `varos_id` (`varos_id`),
  ADD KEY `like_szamlalo` (`like_szamlalo`);

--
-- A tábla indexei `megyek`
--
ALTER TABLE `megyek`
  ADD PRIMARY KEY (`megye_id`) USING BTREE,
  ADD UNIQUE KEY `megyenev` (`megyenev`);

--
-- A tábla indexei `szerepek`
--
ALTER TABLE `szerepek`
  ADD PRIMARY KEY (`szerep_id`),
  ADD UNIQUE KEY `szerepnev` (`szerepnev`);

--
-- A tábla indexei `telepulesek`
--
ALTER TABLE `telepulesek`
  ADD PRIMARY KEY (`telepules_id`),
  ADD KEY `megye_id` (`megye_id`),
  ADD KEY `iranyitoszam` (`iranyitoszam`) USING BTREE;

--
-- A kiírt táblák AUTO_INCREMENT értéke
--

--
-- AUTO_INCREMENT a táblához `esemeny_interakcio`
--
ALTER TABLE `esemeny_interakcio`
  MODIFY `interakcio_id` int(11) NOT NULL AUTO_INCREMENT, AUTO_INCREMENT=5;

--
-- AUTO_INCREMENT a táblához `esemeny_kategoriak`
--
ALTER TABLE `esemeny_kategoriak`
  MODIFY `kategoria_id` int(11) NOT NULL AUTO_INCREMENT, AUTO_INCREMENT=16;

--
-- AUTO_INCREMENT a táblához `megyek`
--
ALTER TABLE `megyek`
  MODIFY `megye_id` int(11) NOT NULL AUTO_INCREMENT, AUTO_INCREMENT=20;

--
-- AUTO_INCREMENT a táblához `szerepek`
--
ALTER TABLE `szerepek`
  MODIFY `szerep_id` int(11) NOT NULL AUTO_INCREMENT, AUTO_INCREMENT=3;

--
-- AUTO_INCREMENT a táblához `telepulesek`
--
ALTER TABLE `telepulesek`
  MODIFY `telepules_id` int(11) NOT NULL AUTO_INCREMENT, AUTO_INCREMENT=3324;

--
-- Megkötések a kiírt táblákhoz
--

--
-- Megkötések a táblához `erdekelt_esemeny_kategoriak`
--
ALTER TABLE `erdekelt_esemeny_kategoriak`
  ADD CONSTRAINT `erdekelt_esemeny_kategoriak_ibfk_2` FOREIGN KEY (`kategoria_id`) REFERENCES `esemeny_kategoriak` (`kategoria_id`) ON DELETE CASCADE ON UPDATE CASCADE,
  ADD CONSTRAINT `erdekelt_esemeny_kategoriak_ibfk_3` FOREIGN KEY (`felhasznalo_id`) REFERENCES `felhasznalok` (`felhasznalo_id`) ON DELETE CASCADE ON UPDATE CASCADE;

--
-- Megkötések a táblához `esemenyek`
--
ALTER TABLE `esemenyek`
  ADD CONSTRAINT `esemenyek_ibfk_2` FOREIGN KEY (`varos_id`) REFERENCES `telepulesek` (`telepules_id`),
  ADD CONSTRAINT `esemenyek_ibfk_3` FOREIGN KEY (`kategoria_id`) REFERENCES `esemeny_kategoriak` (`kategoria_id`) ON DELETE CASCADE ON UPDATE CASCADE,
  ADD CONSTRAINT `esemenyek_ibfk_4` FOREIGN KEY (`szervezo_id`) REFERENCES `felhasznalok` (`felhasznalo_id`) ON DELETE CASCADE ON UPDATE CASCADE;

--
-- Megkötések a táblához `esemeny_hozzaszolasok`
--
ALTER TABLE `esemeny_hozzaszolasok`
  ADD CONSTRAINT `esemeny_hozzaszolasok_ibfk_1` FOREIGN KEY (`hozzaszolo_id`) REFERENCES `felhasznalok` (`felhasznalo_id`) ON DELETE CASCADE ON UPDATE CASCADE,
  ADD CONSTRAINT `esemeny_hozzaszolasok_ibfk_2` FOREIGN KEY (`esemeny_id`) REFERENCES `esemenyek` (`esemeny_id`) ON DELETE CASCADE ON UPDATE CASCADE;

--
-- Megkötések a táblához `esemeny_interakcio`
--
ALTER TABLE `esemeny_interakcio`
  ADD CONSTRAINT `esemeny_interakcio_ibfk_1` FOREIGN KEY (`felhasznalo_id`) REFERENCES `felhasznalok` (`felhasznalo_id`) ON DELETE CASCADE ON UPDATE CASCADE,
  ADD CONSTRAINT `esemeny_interakcio_ibfk_2` FOREIGN KEY (`esemeny_id`) REFERENCES `esemenyek` (`esemeny_id`) ON DELETE CASCADE ON UPDATE CASCADE;

--
-- Megkötések a táblához `felhasznalok`
--
ALTER TABLE `felhasznalok`
  ADD CONSTRAINT `felhasznalok_ibfk_1` FOREIGN KEY (`szerep_id`) REFERENCES `szerepek` (`szerep_id`),
  ADD CONSTRAINT `felhasznalok_ibfk_2` FOREIGN KEY (`varos_id`) REFERENCES `telepulesek` (`telepules_id`);

--
-- Megkötések a táblához `telepulesek`
--
ALTER TABLE `telepulesek`
  ADD CONSTRAINT `telepulesek_ibfk_1` FOREIGN KEY (`megye_id`) REFERENCES `megyek` (`megye_id`);
COMMIT;

/*!40101 SET CHARACTER_SET_CLIENT=@OLD_CHARACTER_SET_CLIENT */;
/*!40101 SET CHARACTER_SET_RESULTS=@OLD_CHARACTER_SET_RESULTS */;
/*!40101 SET COLLATION_CONNECTION=@OLD_COLLATION_CONNECTION */;
